image,id,name,xMin,xMax,yMin,yMax
20d1e6d3f2d9588e.jpg,1,plate,433,489,813,832
20d1e6d3f2d9588e.jpg,2,plate,286,324,820,836
20d1e6d3f2d9588e.jpg,3,plate,699,735,778,790
b0b3689ee78f7afb.jpg,1,plate,264,404,250,301
d871e63f9ac8fe20.jpg,1,plate,555,838,485,550
843875fbb4c75655.jpg,1,plate,804,857,400,419
843875fbb4c75655.jpg,2,plate,679,715,383,396
cf1aacddf02e7629.jpg,1,plate,102,1014,118,375
4f290cf64bb2238d.jpg,1,plate,781,912,270,329
4f290cf64bb2238d.jpg,2,plate,894,931,133,158
a1d236e01276dde3.jpg,1,plate,97,172,556,581
a1d236e01276dde3.jpg,2,plate,624,737,669,711
4fd722406f1ef40b.jpg,1,plate,149,552,589,792
50160f68bece72e8.jpg,1,plate,434,473,679,697
50160f68bece72e8.jpg,2,plate,579,640,691,709
a8219236525579fb.jpg,1,plate,89,127,778,798
a8219236525579fb.jpg,2,plate,238,270,791,806
055a4a3067a64738.jpg,1,plate,487,585,593,623
055a4a3067a64738.jpg,2,plate,911,963,421,441
055a4a3067a64738.jpg,3,plate,766,812,376,397
44dc64e9ae91cd7b.jpg,1,plate,114,162,628,661
44dc64e9ae91cd7b.jpg,2,plate,425,471,631,659
44dc64e9ae91cd7b.jpg,3,plate,793,835,656,677
f3913942c822443d.jpg,1,plate,715,747,516,533
f3913942c822443d.jpg,2,plate,75,111,525,542
3a33b97f3b8edaf8.jpg,1,plate,312,715,383,490
d5145a95bcd5698c.jpg,1,plate,125,149,444,461
d5145a95bcd5698c.jpg,2,plate,454,474,401,412
4506e5b08c2d460c.jpg,1,plate,698,765,165,199
af9869dfd3676736.jpg,1,plate,25,110,396,425
af9869dfd3676736.jpg,2,plate,752,865,480,519
77f0a0e685f22abe.jpg,1,plate,208,385,671,727
9c260a332da322d7.jpg,1,plate,380,458,674,702
f434ff35879b4527.jpg,1,plate,54,122,526,561
f434ff35879b4527.jpg,2,plate,356,380,401,419
642afb4f2f953120.jpg,1,plate,34,706,134,443
ab6f7026255fe3e2.jpg,1,plate,74,110,272,296
a9db55d828934a9e.jpg,1,plate,707,843,441,497
a9db55d828934a9e.jpg,2,plate,65,96,144,160
0b06e7fd91777cbe.jpg,1,plate,368,415,677,704
0b06e7fd91777cbe.jpg,2,plate,632,673,701,721
ba77be18a1c1e228.jpg,1,plate,817,867,400,425
daa14c1fab7b0159.jpg,1,plate,229,420,710,761
88541a52bbb9f872.jpg,1,plate,175,345,355,448
9e30f9003f45bf87.jpg,1,plate,667,710,507,526
b4827c0c2bf9bdab.jpg,1,plate,327,498,254,300
0c21585974c2fee4.jpg,1,plate,815,951,321,357
db0973a49296e83e.jpg,1,plate,125,189,593,607
db0973a49296e83e.jpg,2,plate,731,784,650,674
d31741c0e580a6d4.jpg,1,plate,643,801,405,435
bea9f9a1a94b7a8d.jpg,1,plate,428,533,527,553
bea9f9a1a94b7a8d.jpg,2,plate,890,951,427,450
bea9f9a1a94b7a8d.jpg,3,plate,48,99,493,527
62d16b5eb1be7caf.jpg,1,plate,30,69,536,552
6313f52f59f1c2eb.jpg,1,plate,590,1017,6,286
5626e80d0b89c48f.jpg,1,plate,289,410,383,424
d41c251fed10d23f.jpg,1,plate,836,924,431,457
d41c251fed10d23f.jpg,2,plate,30,128,344,365
7a6b747015638b95.jpg,1,plate,21,75,437,465
7a6b747015638b95.jpg,2,plate,622,638,324,332
36d655fdf2890321.jpg,1,plate,189,277,335,396
0005ea10e0e14db1.jpg,1,plate,858,946,250,300
d4ba6858798f44ff.jpg,1,plate,600,645,238,269
c3bbf0c979f34c57.jpg,1,plate,234,368,298,383
9df242fe03588846.jpg,1,plate,513,546,521,535
9df242fe03588846.jpg,2,plate,682,724,512,528
9df242fe03588846.jpg,3,plate,1,31,614,640
62714fee286f45f5.jpg,1,plate,183,491,72,221
00c09e63c45b4752.jpg,1,plate,288,423,802,841
d5030b5dae7c5c15.jpg,1,plate,602,741,501,533
be1e544cb3b35fae.jpg,1,plate,641,856,552,630
bf15ab2121daa9e9.jpg,1,plate,188,233,411,425
7adc502ed7d9ecaf.jpg,1,plate,164,778,229,543
57896fbb616604b0.jpg,1,plate,441,522,649,673
57896fbb616604b0.jpg,2,plate,580,602,541,554
4b30fb3da6ddd63b.jpg,1,plate,51,97,708,738
4b30fb3da6ddd63b.jpg,2,plate,398,419,598,608
bc7ca5d8c098bc5c.jpg,1,plate,190,803,397,638
bb2ee6b4ca5c558d.jpg,1,plate,230,277,621,636
1bf1208c64e53ed8.jpg,1,plate,485,565,499,527
4c2dc90c322d2304.jpg,1,plate,309,781,224,442
81f1184dc88e7a0d.jpg,1,plate,383,420,904,919
81f1184dc88e7a0d.jpg,2,plate,458,493,919,932
81f1184dc88e7a0d.jpg,3,plate,603,653,894,909
76beb77ee9d871c6.jpg,1,plate,199,732,174,420
54d884936dc5b897.jpg,1,plate,698,811,536,557
00e4cd60e84c0463.jpg,1,plate,246,346,553,582
90e2a8c82d013e69.jpg,1,plate,665,763,711,767
a042e475a4429f8a.jpg,1,plate,222,293,501,524
a042e475a4429f8a.jpg,2,plate,618,707,514,538
0a623bc78056163d.jpg,1,plate,806,1020,210,351
84d76b2d76551d34.jpg,1,plate,430,499,603,625
84d76b2d76551d34.jpg,2,plate,824,856,492,506
84d76b2d76551d34.jpg,3,plate,525,544,491,502
84d76b2d76551d34.jpg,4,plate,691,721,479,493
84d76b2d76551d34.jpg,5,plate,272,302,539,550
34ef818e79674b51.jpg,1,plate,129,157,647,666
34ef818e79674b51.jpg,2,plate,432,459,673,692
dc2731e299d7e3fb.jpg,1,plate,124,303,419,571
f3181556d5df76c7.jpg,1,plate,225,368,371,405
f3181556d5df76c7.jpg,2,plate,676,779,424,454
60ff0abed0168d6c.jpg,1,plate,872,914,674,701
2cb821ca0639adfa.jpg,1,plate,592,755,400,441
7c6a8208d4406219.jpg,1,plate,233,448,718,763
e538ad0426d0d248.jpg,1,plate,794,864,410,431
e538ad0426d0d248.jpg,2,plate,184,217,391,405
e538ad0426d0d248.jpg,3,plate,380,416,403,420
00234c09cb4fa8e3.jpg,1,plate,537,590,582,626
00234c09cb4fa8e3.jpg,2,plate,280,303,448,459
19e7e25942cc4bf6.jpg,1,plate,301,571,755,811
787774688d08c491.jpg,1,plate,390,531,412,471
be906c2c331923f0.jpg,1,plate,313,424,661,713
9ad67645ac60c4a1.jpg,1,plate,741,866,409,449
af4f307fbb0fbcfa.jpg,1,plate,520,705,667,691
c9d73511191055c5.jpg,1,plate,292,316,48,67
e6e1f2b1918cda0f.jpg,1,plate,488,770,582,696
fef9c2a0fafe9fdf.jpg,1,plate,426,877,164,363
1a66e52d4fe5c92c.jpg,1,plate,168,876,336,678
648f99cd0f6bc75a.jpg,1,plate,337,369,536,549
648f99cd0f6bc75a.jpg,2,plate,178,203,519,525
9923fac0a926923e.jpg,1,plate,186,778,240,565
d66354ef14156dc0.jpg,1,plate,67,144,529,565
54d67151822a5dbf.jpg,1,plate,49,84,903,920
fa97e44e47c01961.jpg,1,plate,574,840,478,543
411fff784693d9ab.jpg,1,plate,321,371,653,669
411fff784693d9ab.jpg,2,plate,713,752,639,659
1fc3eca8f75eaf8e.jpg,1,plate,28,98,487,612
04302f9378fd72e5.jpg,1,plate,446,581,366,417
04302f9378fd72e5.jpg,2,plate,313,363,198,219
004846b7de6995f2.jpg,1,plate,770,825,562,580
50dfdd602a07fd33.jpg,1,plate,96,889,176,582
4e0ba77b078ec783.jpg,1,plate,108,798,176,579
c19c144cb80454ea.jpg,1,plate,183,229,357,375
c19c144cb80454ea.jpg,2,plate,622,680,397,420
904cf16a0cf50a6b.jpg,1,plate,499,513,270,282
8b544fc96006ce72.jpg,1,plate,236,713,195,466
19f7b4d966ae5056.jpg,1,plate,339,426,543,573
5aadcb5941266e2f.jpg,1,plate,429,463,201,214
29cf2a945253148b.jpg,1,plate,337,422,421,451
6da05a717d4e7e85.jpg,1,plate,195,226,337,348
eeca0e768bd60660.jpg,1,plate,286,435,326,395
eeca0e768bd60660.jpg,2,plate,25,58,157,178
82697532ef087ea6.jpg,1,plate,829,995,595,629
17f8282567353ced.jpg,1,plate,615,796,576,611
0b17193c820ded62.jpg,1,plate,397,677,314,371
2ac686b4cafffc9d.jpg,1,plate,487,704,362,546
1dd15c8b9d674b7b.jpg,1,plate,77,119,957,973
1dd15c8b9d674b7b.jpg,2,plate,868,889,905,915
c031e665e6de8096.jpg,1,plate,465,548,446,462
c031e665e6de8096.jpg,2,plate,323,344,385,392
060c9e1e2f6c30b7.jpg,1,plate,339,416,467,520
060c9e1e2f6c30b7.jpg,2,plate,941,1011,428,471
c98faf510dea2441.jpg,1,plate,603,789,337,391
1e9f7efca6cf0293.jpg,1,plate,32,73,582,602
5b380a311b870279.jpg,1,plate,25,1013,209,724
7b8c2e464bc57635.jpg,1,plate,907,989,533,562
23fa8a0b6d60d9a0.jpg,1,plate,152,215,37,58
23fa8a0b6d60d9a0.jpg,2,plate,366,411,69,93
354a9ced189fa5e3.jpg,1,plate,375,415,521,541
354a9ced189fa5e3.jpg,2,plate,856,920,538,569
08db15fd76c06f3d.jpg,1,plate,807,914,368,449
01e1ec24455d60a0.jpg,1,plate,309,361,517,536
e8b2a332787b0bb1.jpg,1,plate,816,860,482,505
e8b2a332787b0bb1.jpg,2,plate,891,914,454,470
8f9e3deca4814ee7.jpg,1,plate,210,324,402,436
8f9e3deca4814ee7.jpg,2,plate,754,843,428,467
098c0f465fc70592.jpg,1,plate,780,914,303,350
0c96695811d3ea0f.jpg,1,plate,524,561,596,617
0c96695811d3ea0f.jpg,2,plate,771,815,611,637
2de6609d681f12d7.jpg,1,plate,86,136,473,528
2de6609d681f12d7.jpg,2,plate,877,927,341,370
c586194bdee0ebce.jpg,1,plate,1,54,791,810
463ab4995133b0b6.jpg,1,plate,200,229,483,491
463ab4995133b0b6.jpg,2,plate,265,285,703,748
91cc2e7c6d86c160.jpg,1,plate,770,867,453,492
91cc2e7c6d86c160.jpg,2,plate,20,94,462,537
1ab3031461621354.jpg,1,plate,118,211,470,513
1ab3031461621354.jpg,2,plate,729,809,377,420
1c00790f8e592ab2.jpg,1,plate,96,1003,50,465
a50b693b2c4cc734.jpg,1,plate,759,832,250,292
8d8b828e7ddfc368.jpg,1,plate,15,977,25,493
b2b0449bf286bd6e.jpg,1,plate,403,449,482,512
d90850d40a2635c4.jpg,1,plate,92,156,710,733
0014e05dcc74d3f3.jpg,1,plate,366,697,343,482
9dca3efa0d64899e.jpg,1,plate,350,524,253,306
3107a74d0103510d.jpg,1,plate,70,191,627,668
532cd3d44efedfa2.jpg,1,plate,756,828,544,574
532cd3d44efedfa2.jpg,2,plate,622,643,472,485
07f90e174939936c.jpg,1,plate,683,730,511,544
ee61f10124dfc83b.jpg,1,plate,6,1023,4,973
1d18b4b2e9f223ea.jpg,1,plate,729,780,663,677
0029cb5bf907f89e.jpg,1,plate,453,593,452,481
ce22342c45b2ab26.jpg,1,plate,959,1009,265,298
b22ca21dadaabf52.jpg,1,plate,442,531,616,647
ab9d375198404eee.jpg,1,plate,6,526,87,383
7f1d40635f754f20.jpg,1,plate,433,541,490,522
7f1d40635f754f20.jpg,2,plate,235,274,397,411
7f1d40635f754f20.jpg,3,plate,2,36,434,447
7f1d40635f754f20.jpg,4,plate,999,1021,403,419
4623d6749c12956c.jpg,1,plate,227,301,554,571
4623d6749c12956c.jpg,2,plate,738,794,513,536
01a916bfaa3a7427.jpg,1,plate,684,851,377,413
01a916bfaa3a7427.jpg,2,plate,909,955,223,249
01a916bfaa3a7427.jpg,3,plate,255,326,217,232
381debb8cd54cb99.jpg,1,plate,115,206,695,736
4bdf4c65e95b47f9.jpg,1,plate,415,433,121,144
4bdf4c65e95b47f9.jpg,2,plate,961,1005,47,70
4bdf4c65e95b47f9.jpg,3,plate,762,792,17,36
bd8d88caee888fea.jpg,1,plate,809,902,715,752
bd8d88caee888fea.jpg,2,plate,215,260,676,695
f3f97cf35311178d.jpg,1,plate,164,216,600,617
8687cf1e516a3aad.jpg,1,plate,139,224,397,469
799fbb4583649ecd.jpg,1,plate,768,813,636,655
799fbb4583649ecd.jpg,2,plate,543,581,650,665
93db3cb0d8bed9fb.jpg,1,plate,343,414,421,450
eee6410e336f26c1.jpg,1,plate,781,858,411,445
eee6410e336f26c1.jpg,2,plate,41,101,309,334
f05cd155ba1d38ea.jpg,1,plate,166,226,441,474
f05cd155ba1d38ea.jpg,2,plate,880,960,283,315
620b9976f1ea23d1.jpg,1,plate,328,462,342,432
620b9976f1ea23d1.jpg,2,plate,912,1020,449,535
4a37fe28a727c649.jpg,1,plate,102,778,113,428
4c4b6573d1a9b044.jpg,1,plate,586,766,369,413
4c4b6573d1a9b044.jpg,2,plate,223,312,265,300
d3c6f54e0f912fda.jpg,1,plate,403,622,510,593
9207744236bfc268.jpg,1,plate,508,555,377,394
9207744236bfc268.jpg,2,plate,286,345,491,532
9207744236bfc268.jpg,3,plate,25,87,474,510
9c7be0cfdf9c3224.jpg,1,plate,637,667,631,651
a238a0fee56f0d0c.jpg,1,plate,701,766,839,880
5fd9c2ffb05f4195.jpg,1,plate,906,941,695,722
5fd9c2ffb05f4195.jpg,2,plate,262,312,741,762
6e7402bf669e8e4a.jpg,1,plate,200,284,662,692
6e7402bf669e8e4a.jpg,2,plate,762,813,635,658
c96b403068884a9b.jpg,1,plate,916,1016,240,402
6613688c1491a18e.jpg,1,plate,198,265,439,479
6613688c1491a18e.jpg,2,plate,769,876,450,488
ebfe35fbb4980bf4.jpg,1,plate,189,820,294,490
d85841921201de11.jpg,1,plate,966,988,280,308
e9c9de00073a6da1.jpg,1,plate,816,854,206,229
230a0d1914172390.jpg,1,plate,38,835,106,520
6dd439cd2f1552ec.jpg,1,plate,314,651,436,543
95c7ba3adbb1a0fe.jpg,1,plate,474,696,498,601
503cfa13d15441cc.jpg,1,plate,251,417,531,607
0647c745934ff80e.jpg,1,plate,229,595,195,433
66fdb415b133e7e4.jpg,1,plate,857,893,722,745
66fdb415b133e7e4.jpg,2,plate,742,775,713,732
66fdb415b133e7e4.jpg,3,plate,798,824,698,724
66fdb415b133e7e4.jpg,4,plate,704,730,691,708
66fdb415b133e7e4.jpg,5,plate,637,665,677,691
66fdb415b133e7e4.jpg,6,plate,579,599,674,685
4a9ce83352343dae.jpg,1,plate,410,622,619,696
4a9ce83352343dae.jpg,2,plate,260,280,76,88
8f5197a13153a7f0.jpg,1,plate,513,670,504,582
8f5197a13153a7f0.jpg,2,plate,761,806,306,343
85574f7b403f6a44.jpg,1,plate,76,156,264,326
85574f7b403f6a44.jpg,2,plate,770,811,135,164
73571651ec8c3e1c.jpg,1,plate,223,289,428,458
73571651ec8c3e1c.jpg,2,plate,975,1020,357,401
978a38b055e28147.jpg,1,plate,454,485,738,754
978a38b055e28147.jpg,2,plate,793,828,761,781
978a38b055e28147.jpg,3,plate,912,959,707,722
e136cf81f8c0f74a.jpg,1,plate,187,299,402,471
9676107a9e7082b0.jpg,1,plate,158,283,443,562
9676107a9e7082b0.jpg,2,plate,466,506,100,124
9676107a9e7082b0.jpg,3,plate,710,752,125,147
680715c987f27ec4.jpg,1,plate,641,838,596,682
c410643d74cedf61.jpg,1,plate,476,735,444,514
a524197657d42e30.jpg,1,plate,410,464,987,1003
a524197657d42e30.jpg,2,plate,278,297,902,910
58a82dd5d501e7db.jpg,1,plate,21,51,727,750
58a82dd5d501e7db.jpg,2,plate,856,880,665,684
f22e3f146289655a.jpg,1,plate,401,633,228,350
78a02a7f50a64d03.jpg,1,plate,56,158,546,619
78a02a7f50a64d03.jpg,2,plate,721,751,580,600
5dfe389af74b60c7.jpg,1,plate,315,347,858,875
2309fe8f7598c759.jpg,1,plate,18,47,414,431
9c264204a8201c67.jpg,1,plate,919,984,688,715
00ceeec7002bace0.jpg,1,plate,146,320,449,615
cdb270df044d9e53.jpg,1,plate,112,167,526,549
cdb270df044d9e53.jpg,2,plate,295,340,539,565
ae9a656a4d1e51b5.jpg,1,plate,185,284,390,422
ae9a656a4d1e51b5.jpg,2,plate,629,741,578,610
014a5b40062b2f18.jpg,1,plate,588,715,663,724
a0ded475d9fe91d3.jpg,1,plate,417,479,320,348
b871f647a53e3568.jpg,1,plate,446,562,365,395
d8e8fce8b13a527f.jpg,1,plate,647,674,556,568
d8e8fce8b13a527f.jpg,2,plate,538,554,554,564
d7b2ace3504c51b3.jpg,1,plate,583,790,593,661
d7b2ace3504c51b3.jpg,2,plate,883,974,407,457
940d4e26277e3dff.jpg,1,plate,461,557,528,556
13a27423d95dde4b.jpg,1,plate,455,602,275,357
30b71b83d0eed4c4.jpg,1,plate,152,286,344,412
71ce7a649289a63e.jpg,1,plate,38,100,154,193
71ce7a649289a63e.jpg,2,plate,169,246,180,228
e13294aa0750c476.jpg,1,plate,562,606,170,187
e13294aa0750c476.jpg,2,plate,772,814,144,161
e13294aa0750c476.jpg,3,plate,910,948,136,147
965a584eb7ec1854.jpg,1,plate,140,169,653,667
f9feeadef04d9aa7.jpg,1,plate,139,260,400,503
c84b32b652b20f2b.jpg,1,plate,354,701,1,56
fa4c22e1bb1304e9.jpg,1,plate,656,698,451,464
fa4c22e1bb1304e9.jpg,2,plate,1,56,468,488
a8f4e56215a1ca32.jpg,1,plate,282,441,405,455
51d3733f1c3b637d.jpg,1,plate,399,429,366,384
6e3b4cd845092f5d.jpg,1,plate,164,263,400,506
c51ce26a918ed126.jpg,1,plate,340,373,488,502
c51ce26a918ed126.jpg,2,plate,961,1003,548,575
c51ce26a918ed126.jpg,3,plate,643,670,493,517
c51ce26a918ed126.jpg,4,plate,492,515,483,499
2c136f11b2fcf775.jpg,1,plate,704,872,241,305
2c136f11b2fcf775.jpg,2,plate,6,118,165,192
e7d0bf8ef0c975b5.jpg,1,plate,417,499,585,616
eb71ffea584ca9f5.jpg,1,plate,337,669,297,476
72007d1aa65f4c1c.jpg,1,plate,853,1015,574,631
7b12b7d78c3ac30f.jpg,1,plate,36,83,215,235
7b12b7d78c3ac30f.jpg,2,plate,742,784,206,225
e666b1f293f4b9b7.jpg,1,plate,408,625,372,519
e666b1f293f4b9b7.jpg,2,plate,947,1017,332,370
e666b1f293f4b9b7.jpg,3,plate,26,67,249,278
5728b902e329d168.jpg,1,plate,695,864,318,363
5728b902e329d168.jpg,2,plate,84,158,169,193
5728b902e329d168.jpg,3,plate,291,314,84,99
d852b60436fc1683.jpg,1,plate,183,235,726,742
d852b60436fc1683.jpg,2,plate,333,374,706,721
d852b60436fc1683.jpg,3,plate,437,469,701,718
d852b60436fc1683.jpg,4,plate,502,530,698,710
56003ca89be446f6.jpg,1,plate,130,189,257,276
56003ca89be446f6.jpg,2,plate,678,741,255,278
56003ca89be446f6.jpg,3,plate,905,966,281,297
2390816912ea2db6.jpg,1,plate,704,866,335,385
2390816912ea2db6.jpg,2,plate,720,760,87,112
3d407e6c50f15c10.jpg,1,plate,867,1006,471,528
6651d98365158e2a.jpg,1,plate,211,273,389,417
6651d98365158e2a.jpg,2,plate,802,843,378,407
9ead2683d36b6457.jpg,1,plate,198,303,405,460
9ead2683d36b6457.jpg,2,plate,697,760,185,215
ac8b3b3b52d17fcf.jpg,1,plate,30,920,108,542
e83e50dc06edec31.jpg,1,plate,726,750,540,560
e83e50dc06edec31.jpg,2,plate,869,886,544,560
bcbeb87aeef32219.jpg,1,plate,598,674,432,474
92fe6d2aba26e98d.jpg,1,plate,131,295,413,499
dab46a2a6a8aacf0.jpg,1,plate,213,323,529,613
dab46a2a6a8aacf0.jpg,2,plate,902,1006,340,387
519ef30bba7cbb18.jpg,1,plate,448,531,219,287
d0e05c7223eefcf9.jpg,1,plate,326,422,482,593
d0e05c7223eefcf9.jpg,2,plate,525,568,54,84
f5c0ab175c5df866.jpg,1,plate,556,588,366,391
d2b10c7781ddb1a6.jpg,1,plate,403,623,437,568
6fc7e61e4e50220c.jpg,1,plate,499,624,394,468
f6ccc34d1035d545.jpg,1,plate,6,385,487,647
8891f8bd087b432a.jpg,1,plate,431,650,505,552
6edba712a94a9c09.jpg,1,plate,749,839,553,582
6edba712a94a9c09.jpg,2,plate,102,129,453,465
6edba712a94a9c09.jpg,3,plate,229,256,465,480
6edba712a94a9c09.jpg,4,plate,386,408,494,509
dfd8fe695a77ef18.jpg,1,plate,547,639,419,461
dfd8fe695a77ef18.jpg,2,plate,246,285,235,253
02ba8c25851c7e9d.jpg,1,plate,323,352,385,411
02ba8c25851c7e9d.jpg,2,plate,816,846,391,403
02ba8c25851c7e9d.jpg,3,plate,294,310,334,343
a85b4863a25e95b0.jpg,1,plate,61,149,310,392
59ccb137aaca2f47.jpg,1,plate,624,723,536,582
af940fe2d034d559.jpg,1,plate,338,390,545,565
cd88d425b8af89eb.jpg,1,plate,255,741,221,471
778446cf6ae411d8.jpg,1,plate,232,368,544,602
a1f6ac7ae51bc06c.jpg,1,plate,446,535,307,330
a1a38799ada89e74.jpg,1,plate,721,851,522,583
d25ee7defd0c4736.jpg,1,plate,552,579,598,613
d25ee7defd0c4736.jpg,2,plate,0,84,718,731
95a595042c230f2b.jpg,1,plate,394,593,560,640
48445630bd0c76e6.jpg,1,plate,90,150,519,537
48445630bd0c76e6.jpg,2,plate,402,427,476,493
34728f52ef4e3a1a.jpg,1,plate,775,906,220,267
00eb06ce368a9b9b.jpg,1,plate,7,183,513,579
27887d70caebfa69.jpg,1,plate,553,738,387,440
27887d70caebfa69.jpg,2,plate,939,984,294,315
568149ca63df867e.jpg,1,plate,713,818,363,449
568149ca63df867e.jpg,2,plate,955,988,316,357
29e1e863621096cf.jpg,1,plate,247,496,337,432
91a298fe2c9e91b9.jpg,1,plate,701,776,531,576
91a298fe2c9e91b9.jpg,2,plate,389,418,531,544
bd7f1817aa0111a8.jpg,1,plate,242,275,749,777
bd7f1817aa0111a8.jpg,2,plate,695,767,846,891
bd7f1817aa0111a8.jpg,3,plate,94,123,695,709
bd7f1817aa0111a8.jpg,4,plate,651,679,697,713
6176236e8ded4418.jpg,1,plate,127,223,487,509
e363e736d1fa1c51.jpg,1,plate,139,185,894,912
e363e736d1fa1c51.jpg,2,plate,591,629,880,900
e363e736d1fa1c51.jpg,3,plate,740,767,910,922
e363e736d1fa1c51.jpg,4,plate,432,456,840,849
86fb78d50864a51d.jpg,1,plate,742,786,608,644
86fb78d50864a51d.jpg,2,plate,572,604,637,658
86fb78d50864a51d.jpg,3,plate,987,1023,610,639
edfe19a0a215a573.jpg,1,plate,171,461,537,733
6d11c56a80bf865a.jpg,1,plate,697,883,240,316
018e165c556b2eb6.jpg,1,plate,209,371,449,508
41bf05a236f732b3.jpg,1,plate,311,445,446,522
9d895d467f9c8454.jpg,1,plate,622,668,563,588
9d895d467f9c8454.jpg,2,plate,235,254,519,534
2d506d7adae903c9.jpg,1,plate,750,808,545,583
803ebfb42e51b8aa.jpg,1,plate,368,529,238,389
00438dad193f0c28.jpg,1,plate,843,878,380,439
c860be831256733c.jpg,1,plate,352,685,502,592
1f9f57a9301d86a9.jpg,1,plate,548,619,299,325
1f9f57a9301d86a9.jpg,2,plate,852,892,505,517
2ea76f913007ba4c.jpg,1,plate,42,110,342,441
022831745d737ecd.jpg,1,plate,331,374,597,616
022831745d737ecd.jpg,2,plate,774,824,585,614
60b3db0e186b3a75.jpg,1,plate,107,183,505,585
e263dccefdcc100e.jpg,1,plate,521,659,545,610
0e46ffe5308bc146.jpg,1,plate,27,87,150,186
8a3b14532071cc14.jpg,1,plate,696,777,531,559
8a3b14532071cc14.jpg,2,plate,547,576,451,464
81c5b603abdc28f5.jpg,1,plate,153,283,206,269
aed0d5346da64796.jpg,1,plate,144,394,581,652
df658454bbdbc72c.jpg,1,plate,420,683,577,649
a35c8267e2875f5d.jpg,1,plate,739,801,226,257
72df56eba9ac3ed9.jpg,1,plate,929,978,297,330
dd80f3e9cb2255f6.jpg,1,plate,125,154,543,564
dd80f3e9cb2255f6.jpg,2,plate,306,334,570,585
dd80f3e9cb2255f6.jpg,3,plate,717,742,552,567
79764f162482cd15.jpg,1,plate,619,805,292,428
79764f162482cd15.jpg,2,plate,58,107,25,45
2a2a9bae8748fa29.jpg,1,plate,64,311,409,518
2a2a9bae8748fa29.jpg,2,plate,690,811,244,317
6e50881e36a1bd2f.jpg,1,plate,147,281,329,438
5d6e75f16d3d2032.jpg,1,plate,160,271,554,646
5d6e75f16d3d2032.jpg,2,plate,648,684,170,189
5d6e75f16d3d2032.jpg,3,plate,912,944,132,153
5d6e75f16d3d2032.jpg,4,plate,156,198,223,252
a6b5e57e9d8b5109.jpg,1,plate,4,65,712,746
a6b5e57e9d8b5109.jpg,2,plate,229,266,685,709
a6b5e57e9d8b5109.jpg,3,plate,394,422,695,715
ba23f65a5caa5e26.jpg,1,plate,447,480,275,307
84024c22e3331849.jpg,1,plate,103,144,549,570
84024c22e3331849.jpg,2,plate,354,380,534,550
84024c22e3331849.jpg,3,plate,244,265,519,530
9ee4d0940056dcb5.jpg,1,plate,734,766,451,476
b106badf0f91aa2b.jpg,1,plate,449,509,540,583
fb2ee89cfe29396a.jpg,1,plate,238,678,344,643
a13f644164d7a32c.jpg,1,plate,101,186,511,594
a13f644164d7a32c.jpg,2,plate,143,178,380,408
93741e957e1bc7b3.jpg,1,plate,200,359,756,811
f312b4e78482c6de.jpg,1,plate,659,758,506,545
ea2f7cd50042611d.jpg,1,plate,170,759,417,712
e9828fbd12443a07.jpg,1,plate,812,938,374,445
9b7565fbf05f4664.jpg,1,plate,47,144,334,438
d356a5d5bea6f6f4.jpg,1,plate,661,761,622,663
63dc12635a48dfe5.jpg,1,plate,900,926,509,530
63dc12635a48dfe5.jpg,2,plate,300,369,567,578
41ce67021d8dc21b.jpg,1,plate,78,739,92,565
560595669719d271.jpg,1,plate,185,752,373,673
de707769dd419777.jpg,1,plate,552,726,446,505
e976a53033fd0b59.jpg,1,plate,373,432,724,755
e976a53033fd0b59.jpg,2,plate,617,686,915,1001
e3b8fb8bc9b2b2c7.jpg,1,plate,305,354,402,420
e3b8fb8bc9b2b2c7.jpg,2,plate,13,76,388,414
e3b8fb8bc9b2b2c7.jpg,3,plate,971,1015,391,408
e3b8fb8bc9b2b2c7.jpg,4,plate,826,856,346,362
e3b8fb8bc9b2b2c7.jpg,5,plate,401,423,362,380
e3b8fb8bc9b2b2c7.jpg,6,plate,895,924,374,391
fbda298ae0c95d43.jpg,1,plate,434,453,510,524
35af4eb95cca96c8.jpg,1,plate,352,630,463,545
bd96e0968739e4e6.jpg,1,plate,0,95,115,353
6d7a27189aa589df.jpg,1,plate,96,866,191,557
01e2315172fea9e4.jpg,1,plate,152,270,488,541
54c8d0e8cda8ef28.jpg,1,plate,90,124,687,707
54c8d0e8cda8ef28.jpg,2,plate,616,634,660,677
fb065e274a5d93ce.jpg,1,plate,215,336,358,429
86bd4b37aa23676b.jpg,1,plate,70,101,608,632
6e7d11548bd6be5c.jpg,1,plate,159,191,865,880
6e7d11548bd6be5c.jpg,2,plate,335,360,843,862
4374a09d31427433.jpg,1,plate,206,728,170,491
9f1541b155f13d32.jpg,1,plate,544,739,536,609
bada52b940c6d95a.jpg,1,plate,639,817,317,376
1f455f2bf64eca31.jpg,1,plate,965,1003,624,653
1f455f2bf64eca31.jpg,2,plate,197,266,521,548
1f455f2bf64eca31.jpg,3,plate,627,655,465,481
69882b6c2baa6fbb.jpg,1,plate,77,99,627,649
448bbe50653fcb9c.jpg,1,plate,766,863,540,605
448bbe50653fcb9c.jpg,2,plate,0,21,391,433
cfc0a684e70cd4fc.jpg,1,plate,276,718,218,563
0d820e3f2427d9fe.jpg,1,plate,341,397,272,295
0d820e3f2427d9fe.jpg,2,plate,706,756,304,335
eccd0f52e538325d.jpg,1,plate,451,633,387,459
eccd0f52e538325d.jpg,2,plate,849,899,236,260
d7531f4b5b97c093.jpg,1,plate,213,235,339,362
d7531f4b5b97c093.jpg,2,plate,512,544,319,344
d7531f4b5b97c093.jpg,3,plate,675,704,360,380
d7531f4b5b97c093.jpg,4,plate,850,880,368,391
a09b7b3518b94095.jpg,1,plate,466,516,970,1011
70dd1bfc9310aef5.jpg,1,plate,210,278,333,368
bacde20005949116.jpg,1,plate,198,225,483,501
bacde20005949116.jpg,2,plate,354,380,478,498
bacde20005949116.jpg,3,plate,759,811,658,689
bacde20005949116.jpg,4,plate,505,529,471,489
da3c348a57e8a784.jpg,1,plate,33,161,424,604
072f469526953cb4.jpg,1,plate,106,489,354,493
fb5ee4ec2d4fc671.jpg,1,plate,235,253,893,903
fb5ee4ec2d4fc671.jpg,2,plate,103,133,954,968
4e004af5b230d8bf.jpg,1,plate,188,677,440,677
354dabd7d5b0f3ce.jpg,1,plate,211,242,406,425
6dede9b3a5fda13e.jpg,1,plate,166,425,684,767
7bf9a7c321d93dc7.jpg,1,plate,118,217,576,632
8ce770fed314bbb2.jpg,1,plate,31,984,90,599
004e5085b8127281.jpg,1,plate,166,221,572,595
31add810a9b07007.jpg,1,plate,598,782,358,412
31add810a9b07007.jpg,2,plate,38,149,261,289
d0568a2f6c7e57ca.jpg,1,plate,651,670,619,642
a74d9ed0501dc8b6.jpg,1,plate,580,912,405,575
947988d6e9969be7.jpg,1,plate,476,678,380,449
5fad3ed548b89b1c.jpg,1,plate,394,636,110,203
7bc934ccabf502a5.jpg,1,plate,405,614,309,443
8702e60a956f472d.jpg,1,plate,164,817,514,679
168faabfd5a7e3c3.jpg,1,plate,107,151,617,647
168faabfd5a7e3c3.jpg,2,plate,838,881,624,656
3f79246a83cbe38b.jpg,1,plate,292,758,300,544
56ba5c59988038cc.jpg,1,plate,141,286,412,460
56ba5c59988038cc.jpg,2,plate,644,814,420,469
001bebecea382500.jpg,1,plate,453,686,597,651
2c57bd6d734b6ff3.jpg,1,plate,317,722,488,708
524c2ac0af8fbe97.jpg,1,plate,908,933,546,568
562f4273e31fa104.jpg,1,plate,400,692,334,423
38e7ec3ed30fe8cc.jpg,1,plate,244,563,829,896
38e7ec3ed30fe8cc.jpg,2,plate,205,229,189,206
bdbff1aecafd6549.jpg,1,plate,277,334,390,426
cacdf1eb0e8f09a1.jpg,1,plate,447,464,749,773
cacdf1eb0e8f09a1.jpg,2,plate,604,632,775,798
cacdf1eb0e8f09a1.jpg,3,plate,20,51,716,733
cacdf1eb0e8f09a1.jpg,4,plate,369,387,738,759
fd2e2a6496878eb4.jpg,1,plate,351,413,536,555
5c2dc7ffdfe1ee31.jpg,1,plate,277,878,156,471
fcab4c11cca671e8.jpg,1,plate,540,617,530,562
11bd43cf46cd2b4f.jpg,1,plate,549,599,529,542
11bd43cf46cd2b4f.jpg,2,plate,393,414,398,411
11bd43cf46cd2b4f.jpg,3,plate,541,570,417,435
15b9891ffe3eea64.jpg,1,plate,60,85,546,567
65dfc376f0c506e4.jpg,1,plate,803,917,374,451
0006dc0977056410.jpg,1,plate,386,515,666,730
22a74841a6af3806.jpg,1,plate,353,498,582,640
22a74841a6af3806.jpg,2,plate,13,117,500,532
1e935b0107c51ddc.jpg,1,plate,98,873,289,684
85d5b70c16c7812f.jpg,1,plate,220,364,404,482
85d5b70c16c7812f.jpg,2,plate,164,202,309,333
8e29db5b87af2d76.jpg,1,plate,826,870,536,556
c49340130c3357ee.jpg,1,plate,193,240,536,556
f6154ccf50d6e8ca.jpg,1,plate,267,350,432,512
8583768cc41d58a4.jpg,1,plate,348,395,952,977
8583768cc41d58a4.jpg,2,plate,514,552,975,996
8583768cc41d58a4.jpg,3,plate,117,145,920,938
2eecd0c5cb657fad.jpg,1,plate,639,687,672,693
b0ce4ad821c22078.jpg,1,plate,414,499,502,539
436b9e9f19066831.jpg,1,plate,129,165,842,859
eb8712b519d1f8e5.jpg,1,plate,243,339,648,700
eb8712b519d1f8e5.jpg,2,plate,84,145,582,624
565fc421d31bd10c.jpg,1,plate,494,630,343,456
132bb87427676a1b.jpg,1,plate,59,935,135,647
c73ab03af4cd6fd1.jpg,1,plate,929,1000,146,207
c73ab03af4cd6fd1.jpg,2,plate,707,743,50,64
a244db2319c918d8.jpg,1,plate,96,125,108,127
a244db2319c918d8.jpg,2,plate,155,175,112,132
5b9d766d16c87a44.jpg,1,plate,99,311,292,390
9074e3f1c28499db.jpg,1,plate,326,398,665,688
9074e3f1c28499db.jpg,2,plate,613,671,648,679
9074e3f1c28499db.jpg,3,plate,2,78,690,717
dd1d0ac5ec25f9a7.jpg,1,plate,526,600,502,551
d274348c4464d673.jpg,1,plate,391,602,423,493
ddadc1494fda04db.jpg,1,plate,135,715,272,499
cf44101d777b5569.jpg,1,plate,465,718,501,574
5f921c9c4b4a2ec5.jpg,1,plate,0,110,625,662
64a705b256c6b930.jpg,1,plate,771,895,384,426
9874e25925386559.jpg,1,plate,603,814,323,434
e7eacbf24fd4e068.jpg,1,plate,593,623,495,520
e7eacbf24fd4e068.jpg,2,plate,832,866,454,481
d2741712c1df8958.jpg,1,plate,156,221,422,455
d2741712c1df8958.jpg,2,plate,465,518,415,440
d2741712c1df8958.jpg,3,plate,905,954,440,468
0f9128c73387769d.jpg,1,plate,95,144,300,377
4ac41cb39a3fdaa0.jpg,1,plate,644,684,714,733
f6abb717cba24dad.jpg,1,plate,599,636,514,536
06115e54c1a9a25d.jpg,1,plate,367,500,328,373
40d0de94f9a9bec5.jpg,1,plate,289,409,827,872
d12c63d3eeed00f7.jpg,1,plate,878,916,545,564
3e41451d7452be0c.jpg,1,plate,437,572,360,414
25a41bd470230ee9.jpg,1,plate,257,327,513,560
25a41bd470230ee9.jpg,2,plate,636,681,499,531
b3e96cbae3be05f8.jpg,1,plate,932,966,485,505
549a45db293eac77.jpg,1,plate,448,521,576,616
549a45db293eac77.jpg,2,plate,286,343,382,414
932e230468525705.jpg,1,plate,71,90,737,763
19a7cbd15bbc3d1f.jpg,1,plate,607,717,726,764
4fc9d7fc0f49ac14.jpg,1,plate,277,439,494,599
4fc9d7fc0f49ac14.jpg,2,plate,456,481,83,95
262b0f2bb2998523.jpg,1,plate,230,283,917,937
262b0f2bb2998523.jpg,2,plate,334,352,915,930
67b1aa238c70cd66.jpg,1,plate,260,398,382,425
8e9aa9b08d259c31.jpg,1,plate,233,365,289,363
ecbd2bb165e21884.jpg,1,plate,146,447,426,584
29489558191e3c8d.jpg,1,plate,640,970,452,571
bc8667d2a676978b.jpg,1,plate,500,792,299,391
bc8667d2a676978b.jpg,2,plate,266,654,668,774
8d104248ef96d0b9.jpg,1,plate,624,681,212,260
7e87b3dc35faff09.jpg,1,plate,511,673,566,652
ea0f41a46df7b894.jpg,1,plate,366,415,360,386
ea0f41a46df7b894.jpg,2,plate,108,142,370,391
1f14388c4e9189d2.jpg,1,plate,137,297,448,514
668ea7a7a3f34879.jpg,1,plate,1,46,473,505
66f14954ec68d021.jpg,1,plate,73,206,364,479
695cf02a7d48256d.jpg,1,plate,734,850,224,304
362a0fbb2a933887.jpg,1,plate,185,744,319,535
b4bd75496b4880d8.jpg,1,plate,825,877,487,508
6c3b971c384a41b3.jpg,1,plate,1,58,496,520
6c3b971c384a41b3.jpg,2,plate,187,239,454,477
6c3b971c384a41b3.jpg,3,plate,297,336,435,453
c26864934f1ce5f6.jpg,1,plate,135,834,315,655
0002a5b67e5f0909.jpg,1,plate,308,418,492,537
0002a5b67e5f0909.jpg,2,plate,866,929,374,406
f78f4378b7365df5.jpg,1,plate,869,957,591,662
9149d679d83e5266.jpg,1,plate,119,939,37,537
006a2f13b5b16c64.jpg,1,plate,203,282,527,592
a451b3f69e68ef1a.jpg,1,plate,855,926,644,684
b754f912c57ae952.jpg,1,plate,432,483,396,424
b754f912c57ae952.jpg,2,plate,136,173,366,385
b754f912c57ae952.jpg,3,plate,293,317,348,363
8b12d03ad291c83c.jpg,1,plate,6,233,196,269
f24c16d8c851ffa7.jpg,1,plate,420,456,519,533
9c89b8c9956efe9a.jpg,1,plate,561,596,526,540
9c89b8c9956efe9a.jpg,2,plate,104,152,650,678
2c1b586b13c1666b.jpg,1,plate,314,363,354,385
2c1b586b13c1666b.jpg,2,plate,687,750,378,410
49c97b53010b9430.jpg,1,plate,509,543,136,155
5be37684542c087b.jpg,1,plate,595,745,317,359
18e2fdba6aef8a27.jpg,1,plate,272,334,451,494
fd6e5ae4940655f2.jpg,1,plate,661,887,416,459
2c29f889d811329a.jpg,1,plate,216,375,565,664
2c29f889d811329a.jpg,2,plate,92,158,384,436
e595115d5730d12f.jpg,1,plate,294,366,326,379
e595115d5730d12f.jpg,2,plate,873,918,237,267
3d1ee6aadde9bd66.jpg,1,plate,788,832,644,661
a6e047824ebec857.jpg,1,plate,66,96,425,443
a6e047824ebec857.jpg,2,plate,878,910,493,547
70da3223af677198.jpg,1,plate,647,681,621,650
70da3223af677198.jpg,2,plate,206,229,584,601
f3ecacf903a52827.jpg,1,plate,391,520,391,493
df2ef3d26423a1fc.jpg,1,plate,326,508,729,808
00cb8dccb5cb1f59.jpg,1,plate,206,815,269,590
91fe14eda8bb5810.jpg,1,plate,875,952,360,474
1d8de391d073f382.jpg,1,plate,10,997,137,641
e6c8510f65211748.jpg,1,plate,246,383,445,484
8a7583fa63a6aaab.jpg,1,plate,229,263,346,366
b1fd4903470be1d5.jpg,1,plate,417,465,545,571
033dc103ddcb1b79.jpg,1,plate,774,886,348,463
033dc103ddcb1b79.jpg,2,plate,932,968,155,188
6344fa6cfef83508.jpg,1,plate,135,260,232,364
eac4069ec3cfabc6.jpg,1,plate,688,835,380,435
62437f5de915b4f0.jpg,1,plate,214,260,297,350
37b9ef6e7fcd6515.jpg,1,plate,419,448,653,671
37b9ef6e7fcd6515.jpg,2,plate,763,798,647,667
f2774d0e30310a0d.jpg,1,plate,283,329,255,276
e57b21e0de581f41.jpg,1,plate,694,762,528,554
e57b21e0de581f41.jpg,2,plate,291,343,490,510
e57b21e0de581f41.jpg,3,plate,516,563,496,512
e57b21e0de581f41.jpg,4,plate,980,1020,483,504
f2d06070b64a62c5.jpg,1,plate,496,615,434,492
3f6336e88ce96a84.jpg,1,plate,283,347,51,109
a842796996bd5ebb.jpg,1,plate,569,725,597,665
6615a0a3d30a0bc6.jpg,1,plate,133,189,380,463
6fab9d74a2e8c396.jpg,1,plate,447,488,693,719
12b9839505b47fd1.jpg,1,plate,354,492,362,430
0ac0167c2e5af06d.jpg,1,plate,216,353,909,969
cc597e01c402da0b.jpg,1,plate,619,703,614,680
cc597e01c402da0b.jpg,2,plate,3,78,742,821
2403a98ffb148d44.jpg,1,plate,414,477,536,556
57081e619ee77401.jpg,1,plate,236,811,349,530
cab8ee961103da8a.jpg,1,plate,860,1020,551,605
765d0b9f5bfa18a3.jpg,1,plate,247,311,626,650
765d0b9f5bfa18a3.jpg,2,plate,788,849,642,677
72be309d13ab552e.jpg,1,plate,460,538,630,691
01b09b8072388fdb.jpg,1,plate,657,698,656,674
01b09b8072388fdb.jpg,2,plate,545,578,643,658
fa654ae3c3edb2d8.jpg,1,plate,829,852,433,449
f700767137a012c1.jpg,1,plate,382,491,553,590
f700767137a012c1.jpg,2,plate,966,1000,372,392
21debc3dc31a9b3c.jpg,1,plate,24,131,611,640
e331ad0526115dc6.jpg,1,plate,457,606,263,308
7822563fb09e413c.jpg,1,plate,55,144,159,272
82d98060caa86801.jpg,1,plate,70,144,228,270
089d9236b81d8e20.jpg,1,plate,438,513,485,507
19326288956596b8.jpg,1,plate,224,354,482,603
19326288956596b8.jpg,2,plate,947,1002,275,306
9f5b36b55b6d2d13.jpg,1,plate,453,492,647,689
9f5b36b55b6d2d13.jpg,2,plate,562,590,575,611
9f5b36b55b6d2d13.jpg,3,plate,165,232,710,767
003a9e99a2753141.jpg,1,plate,357,681,533,601
72eb768c4fcf7db8.jpg,1,plate,300,398,536,566
28695bbaa520b03e.jpg,1,plate,140,163,557,573
8b89a3222574512a.jpg,1,plate,455,477,508,521
8b89a3222574512a.jpg,2,plate,716,745,512,533
ad737e0bfa06f8a0.jpg,1,plate,225,285,362,391
58f38288e0f76e0a.jpg,1,plate,402,696,424,503
f47b5605a2e844c1.jpg,1,plate,765,855,461,518
f47b5605a2e844c1.jpg,2,plate,139,203,420,459
4080d6d6081fceff.jpg,1,plate,722,878,333,394
2d05dbbc6826c0fe.jpg,1,plate,923,1011,278,337
faa9b1941898865e.jpg,1,plate,529,573,366,388
6b7ecda76060893e.jpg,1,plate,295,400,853,905
6b7ecda76060893e.jpg,2,plate,106,165,571,603
3dbcf6aaed2272d6.jpg,1,plate,592,714,710,748
02dbae76d89c9284.jpg,1,plate,813,926,652,711
5c465113c647bbec.jpg,1,plate,163,196,552,579
5c465113c647bbec.jpg,2,plate,643,672,573,599
f438ee860d770fb6.jpg,1,plate,457,524,379,416
f438ee860d770fb6.jpg,2,plate,951,991,326,343
dd5ef3aea7e1d2d4.jpg,1,plate,607,835,321,425
a31ba9429d547936.jpg,1,plate,58,986,121,605
468efef9c99b8142.jpg,1,plate,126,160,520,540
468efef9c99b8142.jpg,2,plate,196,233,510,527
15e6ab92bc97def4.jpg,1,plate,270,348,403,432
5d4565b9c9523a1a.jpg,1,plate,201,262,571,599
5d4565b9c9523a1a.jpg,2,plate,795,832,543,556
df2b3f9b6774cf54.jpg,1,plate,414,646,322,413
8a7c492903ac0b75.jpg,1,plate,220,368,669,754
091e6334ca7f0be1.jpg,1,plate,537,582,56,89
00f8eb771370fabc.jpg,1,plate,189,700,426,662
077fadddad9683b8.jpg,1,plate,149,856,198,527
914f462f4363c2f2.jpg,1,plate,730,766,268,306
914f462f4363c2f2.jpg,2,plate,494,523,224,244
849cd991201a6716.jpg,1,plate,770,841,180,296
cc84b8f32e6e4ac2.jpg,1,plate,243,405,407,499
cb8d5bf53fcf5f54.jpg,1,plate,174,331,394,501
089330f9db2b346c.jpg,1,plate,664,822,448,502
59ecc762ea676946.jpg,1,plate,50,78,511,526
59ecc762ea676946.jpg,2,plate,162,190,524,540
886e4d297e433120.jpg,1,plate,70,960,112,620
4dc56132fd22895c.jpg,1,plate,255,292,322,408
0061db4fbe34adad.jpg,1,plate,290,434,328,382
587ec3fb3844a11e.jpg,1,plate,47,224,755,858
7988f45b30af8572.jpg,1,plate,171,309,653,695
7988f45b30af8572.jpg,2,plate,953,1020,544,584
7988f45b30af8572.jpg,3,plate,635,695,520,548
7988f45b30af8572.jpg,4,plate,565,615,521,544
20a79657859c6569.jpg,1,plate,562,749,292,354
20a79657859c6569.jpg,2,plate,194,249,244,260
0e427c5deb773ccc.jpg,1,plate,630,839,481,548
0e427c5deb773ccc.jpg,2,plate,90,152,187,210
0e427c5deb773ccc.jpg,3,plate,717,763,196,209
0e427c5deb773ccc.jpg,4,plate,821,860,187,205
015d88643812decf.jpg,1,plate,933,955,533,556
6f77e3391f857bca.jpg,1,plate,833,902,529,582
6f77e3391f857bca.jpg,2,plate,220,286,542,575
97b686ec6c5613cf.jpg,1,plate,229,380,155,198
4cad4d510b1221b3.jpg,1,plate,139,240,738,767
e685fa9f5a11a6e7.jpg,1,plate,377,415,514,537
e685fa9f5a11a6e7.jpg,2,plate,665,698,497,523
e685fa9f5a11a6e7.jpg,3,plate,761,797,500,523
b5135dd7e1879f41.jpg,1,plate,229,323,547,584
b5135dd7e1879f41.jpg,2,plate,75,115,120,147
b5135dd7e1879f41.jpg,3,plate,673,701,74,90
aea21ac231ef6ca0.jpg,1,plate,390,485,559,592
aea21ac231ef6ca0.jpg,2,plate,886,969,493,522
bd157111fee1d636.jpg,1,plate,451,578,345,408
00e10a097af9f0d8.jpg,1,plate,834,885,387,428
10c1846f72e4a792.jpg,1,plate,335,366,538,551
958acf5aa6f7ab80.jpg,1,plate,207,326,446,535
958acf5aa6f7ab80.jpg,2,plate,123,181,253,276
b440586e7a482024.jpg,1,plate,483,565,394,446
cf4bb43f3963c10e.jpg,1,plate,197,263,835,874
cf4bb43f3963c10e.jpg,2,plate,557,582,788,802
90fac06fd683dd1f.jpg,1,plate,558,591,503,520
90fac06fd683dd1f.jpg,2,plate,872,903,523,548
024a77ccdb9410b1.jpg,1,plate,226,271,414,434
5017b2b7c85863f3.jpg,1,plate,110,150,482,506
5017b2b7c85863f3.jpg,2,plate,666,704,486,502
af9e3d83c74f3457.jpg,1,plate,338,391,607,622
af9e3d83c74f3457.jpg,2,plate,158,212,619,636
af9e3d83c74f3457.jpg,3,plate,866,900,471,485
af9e3d83c74f3457.jpg,4,plate,212,243,565,577
9427a9c480ef4277.jpg,1,plate,551,589,926,943
9e28846ae4562535.jpg,1,plate,597,617,457,471
9e28846ae4562535.jpg,2,plate,472,497,448,463
147847485fd2b6a6.jpg,1,plate,876,900,250,273
dd20fad62dbf661c.jpg,1,plate,181,283,607,642
6305980e90735974.jpg,1,plate,595,737,566,615
d26fdda684e4b832.jpg,1,plate,307,408,372,426
0b7361a05a2b69f5.jpg,1,plate,340,536,512,609
afd87c1a3faad2a8.jpg,1,plate,176,425,285,575
66a8a43a717eb459.jpg,1,plate,347,750,377,500
7a5d00bda0ac7cac.jpg,1,plate,909,969,216,246
0daad0e7640b11c0.jpg,1,plate,269,551,462,544
2e93a8fd83d9999c.jpg,1,plate,84,144,515,533
2e93a8fd83d9999c.jpg,2,plate,248,299,480,497
2e93a8fd83d9999c.jpg,3,plate,447,488,500,513
2e93a8fd83d9999c.jpg,4,plate,628,679,505,519
2e93a8fd83d9999c.jpg,5,plate,738,777,492,509
2e93a8fd83d9999c.jpg,6,plate,885,919,471,485
0016bd822c0a9511.jpg,1,plate,622,773,383,464
9f98dce6887a6324.jpg,1,plate,377,411,836,858
13ead930d4ee9946.jpg,1,plate,398,617,411,480
00b6f96c840767fa.jpg,1,plate,161,867,500,645
7b67b0f6d2bfe34d.jpg,1,plate,257,462,295,350
0023f6548005edf9.jpg,1,plate,437,527,493,516
158ad5d7d1cc0df3.jpg,1,plate,21,1003,52,593
ff51e615f23f3403.jpg,1,plate,626,857,542,602
b5ab1c530504782e.jpg,1,plate,546,594,679,693
b5ab1c530504782e.jpg,2,plate,807,848,654,673
b23cd57a5a558867.jpg,1,plate,455,552,313,368
88bcf1ae293812de.jpg,1,plate,49,866,141,619
01e03ec69847f36c.jpg,1,plate,115,259,491,579
19de167e69af5115.jpg,1,plate,866,994,627,675
e9285b01323add66.jpg,1,plate,455,483,440,457
e9285b01323add66.jpg,2,plate,565,583,467,483
e9285b01323add66.jpg,3,plate,749,772,471,491
025d0abb8f2ef2d6.jpg,1,plate,353,496,878,930
7a1f86b397cd37aa.jpg,1,plate,306,604,434,511
42bc4fad8c30ea8b.jpg,1,plate,664,731,404,451
42bc4fad8c30ea8b.jpg,2,plate,40,84,220,249
af9b373cbbde89f0.jpg,1,plate,400,585,497,610
5443f43a1fb20d8d.jpg,1,plate,551,661,584,617
3b62c9e133159a24.jpg,1,plate,645,685,861,882
1df047d039f23a6b.jpg,1,plate,619,651,597,619
1df047d039f23a6b.jpg,2,plate,314,339,546,564
0a9e802d8bdce1d5.jpg,1,plate,119,912,87,488
6480f80288f3ccae.jpg,1,plate,402,624,342,388
4745d52ded8f93fc.jpg,1,plate,468,576,484,516
e982746cb469b34d.jpg,1,plate,391,436,915,934
e215537abc437a69.jpg,1,plate,27,64,286,323
02b3be99914d752c.jpg,1,plate,525,553,546,568
ca6e8a99047342ca.jpg,1,plate,101,864,218,566
03fcc4d4897ce9a0.jpg,1,plate,648,681,920,949
90b9e6681e036b80.jpg,1,plate,728,768,350,368
90b9e6681e036b80.jpg,2,plate,869,911,402,416
90b9e6681e036b80.jpg,3,plate,622,656,298,316
383d9d78e4e2a5ec.jpg,1,plate,451,513,511,593
2be7fec54b43a742.jpg,1,plate,226,592,189,456
780cae351d3fef58.jpg,1,plate,617,711,410,468
86a5d0a9800284de.jpg,1,plate,337,659,106,263
86a5d0a9800284de.jpg,2,plate,420,736,277,425
86a5d0a9800284de.jpg,3,plate,547,761,438,602
ba3a308d68de2441.jpg,1,plate,434,602,425,509
479043d19fdb741c.jpg,1,plate,654,735,433,455
e4bf878266b04dff.jpg,1,plate,287,334,904,932
e4bf878266b04dff.jpg,2,plate,538,568,920,944
e4bf878266b04dff.jpg,3,plate,690,737,930,960
a9ea21f2217a9dc7.jpg,1,plate,198,232,354,380
08c7cc0731bf94dc.jpg,1,plate,920,960,718,739
3e5ecc84e07f7ff9.jpg,1,plate,129,168,449,469
4feafb5bb7596ce0.jpg,1,plate,113,779,214,371
16f8ea04bafc8e13.jpg,1,plate,459,630,465,576
704b7ae63f46e891.jpg,1,plate,551,982,255,399
087fa669083b834b.jpg,1,plate,633,669,607,632
087fa669083b834b.jpg,2,plate,482,503,593,613
42a2e6d7edb179e0.jpg,1,plate,273,673,428,536
b5c9fa413fbef03b.jpg,1,plate,381,478,361,404
efc523465f940dec.jpg,1,plate,732,895,281,343
707c0c0f4263a281.jpg,1,plate,454,503,561,589
8fc878803c2d09a4.jpg,1,plate,977,1021,568,601
81a98d56af30d3f2.jpg,1,plate,53,131,55,104
a70be12372c32349.jpg,1,plate,72,931,226,670
3d9866f998d6a5cb.jpg,1,plate,880,1016,417,513
75302e2154b467af.jpg,1,plate,389,555,526,619
0e6467a667cc3326.jpg,1,plate,786,883,334,434
c87d08012c7064ab.jpg,1,plate,303,346,294,326
f51b686b4c935dbc.jpg,1,plate,691,752,599,627
f51b686b4c935dbc.jpg,2,plate,951,1023,585,613
f51b686b4c935dbc.jpg,3,plate,482,545,593,623
f51b686b4c935dbc.jpg,4,plate,302,346,578,599
7d0789d88f67dff4.jpg,1,plate,400,758,219,425
2497453a827db1f6.jpg,1,plate,733,870,241,301
ee8295ca0eafe17b.jpg,1,plate,826,926,408,511
ee8295ca0eafe17b.jpg,2,plate,890,939,274,316
33d0871a1750a61f.jpg,1,plate,362,415,471,499
33d0871a1750a61f.jpg,2,plate,937,972,479,505
03094f5a2043b4a5.jpg,1,plate,724,824,447,502
03094f5a2043b4a5.jpg,2,plate,290,368,415,463
d5be333e06f77c6e.jpg,1,plate,670,751,418,450
d5be333e06f77c6e.jpg,2,plate,940,1000,400,436
778b68ea881bd33c.jpg,1,plate,260,410,624,711
240e3b08c62e0510.jpg,1,plate,674,820,215,280
44be97d04862e3b2.jpg,1,plate,4,100,384,423
f99543be4ac9c607.jpg,1,plate,361,562,431,499
3cd3406c658e54d6.jpg,1,plate,164,334,283,407
3cd3406c658e54d6.jpg,2,plate,306,339,70,88
3cd3406c658e54d6.jpg,3,plate,974,1023,192,234
0dba1bfad74590da.jpg,1,plate,351,524,855,940
788c492bf33a05fa.jpg,1,plate,343,414,468,491
f22ca6d55f6a8135.jpg,1,plate,424,593,601,675
013d1f1e520e0671.jpg,1,plate,292,466,345,443
f6c1b33f32677def.jpg,1,plate,851,937,218,268
5b9c91b3fc149975.jpg,1,plate,658,700,655,692
5b9c91b3fc149975.jpg,2,plate,830,882,655,687
5b9c91b3fc149975.jpg,3,plate,465,494,623,650
5d8ff935180495a8.jpg,1,plate,406,644,548,624
d20a2fe47aae4aad.jpg,1,plate,92,902,164,588
893a10117fca1daa.jpg,1,plate,444,565,538,587
195494430ef64186.jpg,1,plate,243,363,487,589
8fe1981636a3b696.jpg,1,plate,430,548,533,620
e1dc0a2765038997.jpg,1,plate,622,681,660,698
e1dc0a2765038997.jpg,2,plate,903,953,631,670
e1dc0a2765038997.jpg,3,plate,30,98,651,692
e1dc0a2765038997.jpg,4,plate,250,320,676,715
49ad072f6bd4ee7b.jpg,1,plate,16,816,67,462
644bdc16688d14ee.jpg,1,plate,574,653,682,722
9c4ba22dcb9225cb.jpg,1,plate,185,809,141,459
12e0b5faf9706557.jpg,1,plate,115,706,183,489
d68c4c606ea17fa8.jpg,1,plate,215,392,840,1006
37192d4bd8d51053.jpg,1,plate,292,393,598,634
37192d4bd8d51053.jpg,2,plate,909,947,536,566
73da3f068082a32b.jpg,1,plate,582,625,658,681
73da3f068082a32b.jpg,2,plate,98,131,661,681
73da3f068082a32b.jpg,3,plate,671,698,641,659
25c96c94dcb3e3ac.jpg,1,plate,250,425,556,626
65e557f6ae6a5ce6.jpg,1,plate,727,789,804,845
8e5854d32dee837c.jpg,1,plate,246,360,538,575
8e5854d32dee837c.jpg,2,plate,858,932,441,466
3083833c03f6d327.jpg,1,plate,844,940,558,601
5fc57670e66f561a.jpg,1,plate,380,613,338,415
94a54bfbc1cf4b82.jpg,1,plate,631,676,408,428
25cb50508efc104f.jpg,1,plate,81,205,291,357
e5b9449580669429.jpg,1,plate,101,198,332,383
650383b4c9f306d6.jpg,1,plate,31,90,457,474
6b3fa7c35b2aeb97.jpg,1,plate,369,442,661,719
1feb4b3b55eeb71b.jpg,1,plate,262,321,268,297
5c9dfe1ce1c7e6ed.jpg,1,plate,465,614,516,549
2de079531d941035.jpg,1,plate,622,658,462,567
a40cb05959d0f33f.jpg,1,plate,209,392,497,583
a40cb05959d0f33f.jpg,2,plate,928,978,538,573
42be1688733c6ff8.jpg,1,plate,786,835,554,575
6e10228a03a3c71e.jpg,1,plate,127,175,779,801
652f01eb601c3b84.jpg,1,plate,19,48,911,934
1ff57d8e771d9933.jpg,1,plate,841,895,553,582
1ff57d8e771d9933.jpg,2,plate,12,33,528,544
ac89154f02f5b364.jpg,1,plate,156,192,411,438
ac89154f02f5b364.jpg,2,plate,451,482,399,415
40d9a65dba85495e.jpg,1,plate,57,948,134,607
39ed34fd92f3aa43.jpg,1,plate,735,789,505,534
39ed34fd92f3aa43.jpg,2,plate,114,151,466,490
cd9647953ca17272.jpg,1,plate,222,364,190,268
cd9647953ca17272.jpg,2,plate,525,558,102,114
cd9647953ca17272.jpg,3,plate,282,373,596,665
cd9647953ca17272.jpg,4,plate,250,413,872,925
687aa70ea5732fc5.jpg,1,plate,724,854,344,417
687aa70ea5732fc5.jpg,2,plate,976,1019,194,227
2e78c416fb4d3114.jpg,1,plate,275,322,780,809
2e78c416fb4d3114.jpg,2,plate,34,60,808,829
cd283e8961dbf5da.jpg,1,plate,688,751,454,510
6dc4021354778091.jpg,1,plate,15,50,449,474
6dc4021354778091.jpg,2,plate,270,296,440,465
0b71cca3d76bbedb.jpg,1,plate,838,872,567,640
60c3daa31e1c7cf4.jpg,1,plate,274,398,741,828
c9b66cefe5ac59a6.jpg,1,plate,322,693,405,487
8e8e7ed0960db318.jpg,1,plate,113,158,901,943
847fe4883a28dde8.jpg,1,plate,418,594,205,289
1dba896e8cc8d52b.jpg,1,plate,368,409,510,532
1dba896e8cc8d52b.jpg,2,plate,439,470,469,493
15e83ca42aaed51b.jpg,1,plate,766,832,294,319
15e83ca42aaed51b.jpg,2,plate,149,189,308,334
bc7a785b3934deab.jpg,1,plate,843,878,473,496
66c9a5c4ca7bdbdb.jpg,1,plate,750,886,299,377
d22acd07809c620c.jpg,1,plate,901,937,725,751
d22acd07809c620c.jpg,2,plate,720,757,744,765
05c46832115ea8bc.jpg,1,plate,185,272,361,431
287d264a10af4adc.jpg,1,plate,769,835,537,585
5e2ed81ccffae3bf.jpg,1,plate,650,693,391,431
57b4a46717cfd97f.jpg,1,plate,594,641,343,363
57b4a46717cfd97f.jpg,2,plate,821,863,351,375
03f6fccf4da4b7fd.jpg,1,plate,155,941,260,685
8a09ef707574e79b.jpg,1,plate,3,1019,1,247
2c77e85396415e64.jpg,1,plate,84,199,431,585
b7ac9a327985af14.jpg,1,plate,388,625,471,547
38602dd19b5c6dd5.jpg,1,plate,673,707,578,609
bcd466ed87dab8a1.jpg,1,plate,503,546,841,862
ada5628bdd90aa53.jpg,1,plate,732,869,419,523
d36d47f8dbf7096c.jpg,1,plate,192,235,574,604
c0376c0ebb22156b.jpg,1,plate,173,201,360,385
db0befe563a38b4b.jpg,1,plate,197,273,476,564
5b0a736b1b04184b.jpg,1,plate,161,563,18,238
ea1e6251b437101c.jpg,1,plate,190,240,555,592
435539125452f7dc.jpg,1,plate,18,983,446,965
56d3bea0f4e410a3.jpg,1,plate,610,704,374,431
00492e9dbaf3c2a1.jpg,1,plate,90,200,313,383
00492e9dbaf3c2a1.jpg,2,plate,980,1020,175,201
430fda49e5c93ca4.jpg,1,plate,866,886,140,175
389ee539d5017ead.jpg,1,plate,790,818,386,409
389ee539d5017ead.jpg,2,plate,539,570,401,429
2fd006976b3988d9.jpg,1,plate,451,491,727,744
2fd006976b3988d9.jpg,2,plate,503,526,616,632
2fd006976b3988d9.jpg,3,plate,670,701,658,678
2fd006976b3988d9.jpg,4,plate,472,499,668,684
2fd006976b3988d9.jpg,5,plate,268,305,704,725
2fd006976b3988d9.jpg,6,plate,599,624,704,731
ce244dc7332bd4fb.jpg,1,plate,909,968,578,602
792b134d8a31e95e.jpg,1,plate,161,354,228,361
71581822e491aa93.jpg,1,plate,39,90,523,548
7adde09ba269d8d6.jpg,1,plate,758,879,234,299
114cef06ee5a2df6.jpg,1,plate,128,225,370,469
114cef06ee5a2df6.jpg,2,plate,10,61,284,329
db6de98b36a4bc6e.jpg,1,plate,517,549,200,221
2be40a220ce9ba75.jpg,1,plate,181,302,647,678
a75f46682249c8ef.jpg,1,plate,153,200,465,513
a75f46682249c8ef.jpg,2,plate,880,927,454,486
c6337bf985cff872.jpg,1,plate,685,758,562,593
c6337bf985cff872.jpg,2,plate,1,81,570,606
c6337bf985cff872.jpg,3,plate,372,420,539,570
cd8bddac600f0acf.jpg,1,plate,366,631,447,539
f49c6df579805adf.jpg,1,plate,16,169,431,501
f49c6df579805adf.jpg,2,plate,672,863,555,695
c5b4bdac101a7151.jpg,1,plate,99,152,382,403
c5b4bdac101a7151.jpg,2,plate,226,257,378,397
c5b4bdac101a7151.jpg,3,plate,681,724,403,429
c5b4bdac101a7151.jpg,4,plate,974,1016,385,406
91a1e65b656cc66c.jpg,1,plate,530,630,638,695
452ccdde7fcbe8b9.jpg,1,plate,436,492,453,486
452ccdde7fcbe8b9.jpg,2,plate,249,281,383,403
369055a3dc441ab3.jpg,1,plate,627,717,476,511
6a36997541cfb41e.jpg,1,plate,393,436,514,543
1d542803f9e35f52.jpg,1,plate,625,878,581,662
570390eb9169b73f.jpg,1,plate,124,213,482,511
417da3b2a97c0e54.jpg,1,plate,270,318,959,982
191da96ef620a6fc.jpg,1,plate,334,686,301,616
c349b12ffb33c103.jpg,1,plate,118,271,215,254
c349b12ffb33c103.jpg,2,plate,973,1016,171,200
b6b20bae1bc049e1.jpg,1,plate,844,869,279,304
b6b20bae1bc049e1.jpg,2,plate,92,123,273,293
35b460428077ff20.jpg,1,plate,661,698,551,581
35b460428077ff20.jpg,2,plate,975,1023,621,651
a00711cdcaf975ae.jpg,1,plate,4,61,369,401
23ae21fe329d7521.jpg,1,plate,414,473,393,418
23ae21fe329d7521.jpg,2,plate,880,1024,451,500
3e3ea2498c6a6ec4.jpg,1,plate,670,697,509,529
3e3ea2498c6a6ec4.jpg,2,plate,969,1015,505,527
4e0a7056a54a4406.jpg,1,plate,385,553,355,416
7e33cb90a5c83b91.jpg,1,plate,175,397,292,344
641ec3b9c803931f.jpg,1,plate,135,334,436,536
641ec3b9c803931f.jpg,2,plate,862,936,227,260
1e530b780c5429c8.jpg,1,plate,331,673,369,454
c4b19827cd735f86.jpg,1,plate,445,487,604,630
c4b19827cd735f86.jpg,2,plate,821,882,580,610
c4b19827cd735f86.jpg,3,plate,286,323,616,642
805c0999128917b6.jpg,1,plate,212,255,687,713
805c0999128917b6.jpg,2,plate,902,944,651,669
3f4091ce6259771e.jpg,1,plate,186,252,400,437
e133b4c48b7c5559.jpg,1,plate,670,859,536,591
c308d97b41e1dd62.jpg,1,plate,186,389,445,522
c308d97b41e1dd62.jpg,2,plate,0,53,248,268
c308d97b41e1dd62.jpg,3,plate,124,159,190,203
5acfa364663f5cd1.jpg,1,plate,237,494,337,592
73becb092f54e550.jpg,1,plate,149,220,569,609
73becb092f54e550.jpg,2,plate,800,883,480,523
014a74acea6f18fe.jpg,1,plate,381,504,523,595
fa0c33a6fb10dd7e.jpg,1,plate,374,478,556,609
fa0c33a6fb10dd7e.jpg,2,plate,63,147,335,383
534583c8970705c0.jpg,1,plate,299,364,414,446
534583c8970705c0.jpg,2,plate,616,667,380,402
534583c8970705c0.jpg,3,plate,778,833,377,406
f0029546cbdf4bbc.jpg,1,plate,130,875,192,522
37fd0f0a590e197f.jpg,1,plate,183,833,223,567
11e228662efbfaa9.jpg,1,plate,88,125,911,925
11e228662efbfaa9.jpg,2,plate,631,679,906,933
11e228662efbfaa9.jpg,3,plate,493,522,880,901
c0feae821b1bdd80.jpg,1,plate,169,218,890,932
c0feae821b1bdd80.jpg,2,plate,536,567,925,944
0030164dc0dba5d9.jpg,1,plate,491,554,448,488
7d7b4257aa91301e.jpg,1,plate,48,172,897,937
2530a95b2f2597f8.jpg,1,plate,335,431,734,764
02975d406974e3ec.jpg,1,plate,715,766,270,310
e7eb488376b353b1.jpg,1,plate,775,858,670,721
35b47a8187445b21.jpg,1,plate,368,411,686,707
35b47a8187445b21.jpg,2,plate,897,950,654,679
35b47a8187445b21.jpg,3,plate,707,735,668,684
d54ee667fbdce046.jpg,1,plate,435,630,53,168
a17b60173a732e77.jpg,1,plate,78,936,278,664
0a18fb90f897e55e.jpg,1,plate,5,540,209,415
72cc8230e4193365.jpg,1,plate,499,549,410,440
d9dce54ddd79dbe0.jpg,1,plate,17,850,209,471
47b4eaef0ced1504.jpg,1,plate,232,272,698,724
47b4eaef0ced1504.jpg,2,plate,961,1001,624,652
0f5c5d2c6bd6c1f6.jpg,1,plate,538,1010,410,541
38f78c660124cf39.jpg,1,plate,127,204,662,708
e8766456b9255252.jpg,1,plate,883,940,545,572
e8766456b9255252.jpg,2,plate,667,720,542,566
3849ea38702e8189.jpg,1,plate,316,420,623,683
3849ea38702e8189.jpg,2,plate,300,332,169,196
bfe0c9d73c6ff95f.jpg,1,plate,4,178,135,380
0045d88407bab692.jpg,1,plate,95,155,486,542
fb2b82f22cc42746.jpg,1,plate,506,602,669,718
fb2b82f22cc42746.jpg,2,plate,436,466,517,538
4cf34b0dc6ed16ee.jpg,1,plate,212,317,548,581
4cf34b0dc6ed16ee.jpg,2,plate,686,715,475,495
3fc033f1f0ac096c.jpg,1,plate,753,840,356,441
06bf917a1448f872.jpg,1,plate,342,941,408,665
fbf7e334bceb0c70.jpg,1,plate,287,358,471,511
fbf7e334bceb0c70.jpg,2,plate,726,784,502,533
86b19bcf922bff72.jpg,1,plate,473,590,563,661
83b1fbd55f324587.jpg,1,plate,364,459,406,435
53a821bdb66a04fc.jpg,1,plate,48,85,475,495
4f7db17bab6b4403.jpg,1,plate,189,260,459,503
4f7db17bab6b4403.jpg,2,plate,665,718,389,412
0607cc7583907c63.jpg,1,plate,368,517,782,850
abc1dd3af4a82bc6.jpg,1,plate,260,576,538,630
32ee130be84f9cb6.jpg,1,plate,185,272,417,472
d546678820ea1e99.jpg,1,plate,479,514,262,295
ea3b563005ea77da.jpg,1,plate,486,735,471,545
a4c6dff53fb21245.jpg,1,plate,475,596,537,621
a4c6dff53fb21245.jpg,2,plate,755,785,487,512
a4c6dff53fb21245.jpg,3,plate,265,291,476,495
fa558fa09398be81.jpg,1,plate,874,911,366,415
284dba33c25d3fee.jpg,1,plate,745,868,458,534
39f062bc2651cacb.jpg,1,plate,417,521,651,724
5400e0eed01bd74c.jpg,1,plate,249,616,625,767
1759271e6348f3b4.jpg,1,plate,271,397,902,942
63f7131c85b9a8f2.jpg,1,plate,182,229,161,214
38cb10218d3feb70.jpg,1,plate,479,508,502,522
ec8319b578b56ea7.jpg,1,plate,562,667,455,507
ec8319b578b56ea7.jpg,2,plate,879,926,290,321
ec8319b578b56ea7.jpg,3,plate,313,345,266,286
c8bba40bc7b0df7b.jpg,1,plate,196,846,318,637
0581358d6311a60b.jpg,1,plate,118,189,424,496
0581358d6311a60b.jpg,2,plate,836,886,255,279
aab66be23c05ebf0.jpg,1,plate,795,838,383,402
aab66be23c05ebf0.jpg,2,plate,983,1023,490,538
9e1fb077b9464d12.jpg,1,plate,215,260,567,583
9e1fb077b9464d12.jpg,2,plate,715,757,548,566
ae4979a75011bd94.jpg,1,plate,650,697,622,683
ae4979a75011bd94.jpg,2,plate,17,55,469,499
68647ba2349669e0.jpg,1,plate,98,127,225,247
68647ba2349669e0.jpg,2,plate,287,309,191,208
68647ba2349669e0.jpg,3,plate,764,791,233,257
250a9db1e94c4c80.jpg,1,plate,713,770,481,507
63377fc67eb38af0.jpg,1,plate,319,424,820,879
a97ef4aa3bafcf3e.jpg,1,plate,181,422,388,476
a97ef4aa3bafcf3e.jpg,2,plate,171,212,144,177
ebbd5aaabdb9180d.jpg,1,plate,663,717,734,765
ebbd5aaabdb9180d.jpg,2,plate,425,458,683,695
ebbd5aaabdb9180d.jpg,3,plate,334,359,642,654
ebbd5aaabdb9180d.jpg,4,plate,239,265,667,680
94003454cbe9f9ca.jpg,1,plate,298,334,508,536
e3f976bf57d97797.jpg,1,plate,434,714,454,556
8099057a90ff7410.jpg,1,plate,276,736,670,777
f2b999435330e64d.jpg,1,plate,559,659,579,618
3b56518e8e742ba8.jpg,1,plate,644,701,227,246
9260e8a58aef404f.jpg,1,plate,242,434,413,499
4440a00600338234.jpg,1,plate,204,292,829,868
b6e6aa393855ebe3.jpg,1,plate,80,125,548,605
b0085e177a54a702.jpg,1,plate,289,329,364,381
d2d76365fdd57ee2.jpg,1,plate,634,676,488,514
d2d76365fdd57ee2.jpg,2,plate,10,152,730,767
d2d76365fdd57ee2.jpg,3,plate,791,809,479,499
a700de5b19dcc75b.jpg,1,plate,684,818,489,567
ab0d20039953ecf6.jpg,1,plate,518,613,281,351
e62ca16beb6ae3ce.jpg,1,plate,304,365,485,525
e62ca16beb6ae3ce.jpg,2,plate,444,479,381,407
7b8842c0e2bacbd6.jpg,1,plate,298,479,369,418
d57449b7b71f40fb.jpg,1,plate,345,429,475,526
b7a5d2f601eddafe.jpg,1,plate,527,554,363,380
b7a5d2f601eddafe.jpg,2,plate,860,893,366,375
0092a20b63799744.jpg,1,plate,725,857,537,603
0092a20b63799744.jpg,2,plate,1,53,415,453
0619f58bc7c5c695.jpg,1,plate,90,958,215,469
599c90a392954314.jpg,1,plate,340,456,562,599
599c90a392954314.jpg,2,plate,631,724,476,513
599c90a392954314.jpg,3,plate,860,897,420,438
598551e73544f549.jpg,1,plate,294,678,503,585
eaddc45dbd975c95.jpg,1,plate,871,922,240,300
7801546f01719bde.jpg,1,plate,525,612,448,475
7801546f01719bde.jpg,2,plate,798,870,443,468
f17f274af0b988d1.jpg,1,plate,494,693,438,524
043450df864db304.jpg,1,plate,583,758,415,491
854609241dfb0333.jpg,1,plate,538,572,635,655
854609241dfb0333.jpg,2,plate,911,962,690,718
535bfa9b16100efe.jpg,1,plate,325,423,645,693
535bfa9b16100efe.jpg,2,plate,60,110,235,260
1572c809ddf6a8a1.jpg,1,plate,468,776,192,394
f28351b234359181.jpg,1,plate,21,713,122,526
708db09c98843b54.jpg,1,plate,658,701,383,397
708db09c98843b54.jpg,2,plate,411,431,368,380
708db09c98843b54.jpg,3,plate,284,306,362,374
5e58ca2ab824af52.jpg,1,plate,44,64,360,377
029b0d1ffdd49ab4.jpg,1,plate,162,876,159,536
e79b7d4a0bb11115.jpg,1,plate,471,505,351,377
e79b7d4a0bb11115.jpg,2,plate,926,961,351,363
e79b7d4a0bb11115.jpg,3,plate,751,775,348,357
119910df6c55fbeb.jpg,1,plate,340,616,414,503
88bce92e47909b0f.jpg,1,plate,58,97,482,592
88bce92e47909b0f.jpg,2,plate,869,1003,675,817
82d5db84f293ff6b.jpg,1,plate,183,292,699,745
82d5db84f293ff6b.jpg,2,plate,681,736,574,595
499ffaaedeffd1bf.jpg,1,plate,593,668,918,959
499ffaaedeffd1bf.jpg,2,plate,132,158,844,862
499ffaaedeffd1bf.jpg,3,plate,269,293,861,878
0de19ba823619c16.jpg,1,plate,13,92,19,95
7b7cb1823200d38b.jpg,1,plate,393,453,539,567
7b7cb1823200d38b.jpg,2,plate,793,841,524,547
e77369322bd78e1d.jpg,1,plate,186,215,503,508
e77369322bd78e1d.jpg,2,plate,691,765,561,599
001065dbc46c29c8.jpg,1,plate,152,209,354,386
5b482565992b4f6c.jpg,1,plate,70,858,108,626
a3ad08dfef7cdf10.jpg,1,plate,243,374,350,434
027348743a9b8374.jpg,1,plate,821,905,384,436
32a77d5b748a37ff.jpg,1,plate,517,567,630,650
32a77d5b748a37ff.jpg,2,plate,91,146,606,634
32a77d5b748a37ff.jpg,3,plate,223,264,573,593
32a77d5b748a37ff.jpg,4,plate,792,818,570,595
cfe25b5a5c7c2a4f.jpg,1,plate,877,903,418,464
99504a60b89185e5.jpg,1,plate,769,849,236,291
ecf60be1e8503559.jpg,1,plate,223,845,166,503
3753f195e296c64d.jpg,1,plate,799,918,362,494
a2b1b9fc5558c5b5.jpg,1,plate,209,809,175,508
b72bde534d655cb9.jpg,1,plate,539,587,574,614
b72bde534d655cb9.jpg,2,plate,716,748,570,599
72a929350a5c2b42.jpg,1,plate,303,704,764,871
2a4d11f574c156ce.jpg,1,plate,379,441,201,278
2a4d11f574c156ce.jpg,2,plate,932,966,216,288
99167fb933a008b0.jpg,1,plate,304,351,377,417
99167fb933a008b0.jpg,2,plate,171,204,332,363
6085738ac0c207bf.jpg,1,plate,307,434,566,650
6085738ac0c207bf.jpg,2,plate,783,838,461,498
6085738ac0c207bf.jpg,3,plate,948,993,462,484
8fc3e0639330de2c.jpg,1,plate,508,681,452,515
6b37169da6a543fe.jpg,1,plate,440,477,200,221
01ad33d0ee9a7315.jpg,1,plate,146,385,369,445
01ad33d0ee9a7315.jpg,2,plate,877,962,83,109
ef00f12063be7b07.jpg,1,plate,78,916,294,736
645186adfc7527b2.jpg,1,plate,781,828,581,602
645186adfc7527b2.jpg,2,plate,650,687,565,578
645186adfc7527b2.jpg,3,plate,345,376,585,601
645186adfc7527b2.jpg,4,plate,515,540,563,577
f4a503e24265a7e1.jpg,1,plate,564,644,594,654
40b6cdf316248823.jpg,1,plate,556,758,172,233
e6394c07a7a0853c.jpg,1,plate,202,246,502,522
832e96278bd0e110.jpg,1,plate,367,539,607,656
1364fc9ce7034c9c.jpg,1,plate,266,381,598,653
1364fc9ce7034c9c.jpg,2,plate,928,960,399,424
b4cba1bb64bcb42d.jpg,1,plate,334,579,471,548
8768991f810c2406.jpg,1,plate,226,326,563,607
8768991f810c2406.jpg,2,plate,538,582,440,485
44132cc9141b524f.jpg,1,plate,668,718,605,638
f0428c08e756f454.jpg,1,plate,447,514,557,576
f0428c08e756f454.jpg,2,plate,926,988,545,563
f0428c08e756f454.jpg,3,plate,265,311,514,533
79cbe444276b00b4.jpg,1,plate,806,957,481,576
e2b20a4648f2b83d.jpg,1,plate,650,781,489,558
0e1a7255004820e3.jpg,1,plate,411,539,275,370
0e1a7255004820e3.jpg,2,plate,818,880,243,289
9fb9634760d6e59e.jpg,1,plate,607,656,502,551
afd1119d390720b2.jpg,1,plate,316,476,382,450
2e90e0ba76894878.jpg,1,plate,286,460,692,772
bd308fea65994fd5.jpg,1,plate,326,478,643,719
bd308fea65994fd5.jpg,2,plate,753,785,334,352
62a3e804e44c8d4c.jpg,1,plate,774,900,256,341
62a3e804e44c8d4c.jpg,2,plate,30,130,167,211
1005e942a931ceba.jpg,1,plate,425,459,815,834
1005e942a931ceba.jpg,2,plate,581,629,821,851
4eb0660d7401231e.jpg,1,plate,479,567,525,595
d316989416acf09e.jpg,1,plate,127,909,127,648
3780408a15c76092.jpg,1,plate,739,849,452,511
0e5c7f2c5309836b.jpg,1,plate,138,210,92,126
323933cd8090d7a8.jpg,1,plate,211,252,701,719
323933cd8090d7a8.jpg,2,plate,656,723,673,699
323933cd8090d7a8.jpg,3,plate,373,404,707,732
323933cd8090d7a8.jpg,4,plate,829,883,704,726
e6a702cc3084374b.jpg,1,plate,438,498,588,611
e6a702cc3084374b.jpg,2,plate,227,252,602,616
e6a702cc3084374b.jpg,3,plate,93,129,621,636
b8849157ab0a78b0.jpg,1,plate,895,924,161,192
007909bbfb014a75.jpg,1,plate,462,548,392,522
672adae92847a51a.jpg,1,plate,573,621,287,335
7a7cbf6c1c03fb16.jpg,1,plate,361,516,369,438
5a235743939217f6.jpg,1,plate,461,544,668,703
f64d56b85c0580a1.jpg,1,plate,509,711,551,629
f64d56b85c0580a1.jpg,2,plate,121,179,32,58
0c83ad36c5572d7e.jpg,1,plate,740,796,311,336
0c83ad36c5572d7e.jpg,2,plate,624,644,267,288
0c83ad36c5572d7e.jpg,3,plate,835,853,284,296
ce83bff1b37a1a14.jpg,1,plate,220,235,527,544
96c9e4a00eba4ae8.jpg,1,plate,285,411,438,487
96c9e4a00eba4ae8.jpg,2,plate,920,1024,522,621
1ae10afcd0e4b14f.jpg,1,plate,587,623,568,593
8f2bd4f3a94a785f.jpg,1,plate,196,806,48,515
28d3e7dddfbd130b.jpg,1,plate,36,64,261,278
fb69b417a6f38bed.jpg,1,plate,146,211,453,565
27eb9c891426cda4.jpg,1,plate,333,665,144,363
3c9ccd0c8a83bbc2.jpg,1,plate,164,262,217,325
ffa388d24260c371.jpg,1,plate,84,207,354,438
5b3a6ea5fa2a2400.jpg,1,plate,85,204,322,396
f9ca43ed00ab926e.jpg,1,plate,674,702,525,547
f9ca43ed00ab926e.jpg,2,plate,348,373,531,545
f9ca43ed00ab926e.jpg,3,plate,496,522,525,539
80b39a5b250873f2.jpg,1,plate,114,249,204,272
80b39a5b250873f2.jpg,2,plate,986,1016,167,195
bee86ca0a7fd9f4b.jpg,1,plate,433,556,617,679
009824ffd4586a33.jpg,1,plate,462,537,320,364
009824ffd4586a33.jpg,2,plate,72,129,281,316
009824ffd4586a33.jpg,3,plate,950,983,267,286
e58094af6b7f58b8.jpg,1,plate,702,742,486,517
e58094af6b7f58b8.jpg,2,plate,195,218,492,506
e58094af6b7f58b8.jpg,3,plate,437,449,473,488
f80a61c3d0cb44c7.jpg,1,plate,693,791,576,631
030aeb1dac498d8f.jpg,1,plate,292,391,414,446
a2c325790731e505.jpg,1,plate,522,820,406,494
0011d11a6a5ab5ad.jpg,1,plate,465,548,517,552
0011d11a6a5ab5ad.jpg,2,plate,113,149,101,124
3483b956b20b0b5f.jpg,1,plate,437,510,558,596
03db92d831e995f0.jpg,1,plate,253,494,195,324
1a0a48e66a341df3.jpg,1,plate,887,1020,189,411
e427163fd08e86e7.jpg,1,plate,20,218,698,804
bf4689922cdfd532.jpg,1,plate,382,586,434,501
bf4689922cdfd532.jpg,2,plate,829,883,262,296
6d9d7f552c82f04d.jpg,1,plate,193,464,266,397
26080cce13bced1d.jpg,1,plate,278,307,449,463
46e4bd724b64b3a8.jpg,1,plate,555,713,464,573
0e39013c32f30953.jpg,1,plate,500,604,366,420
4e8272ed6aed0189.jpg,1,plate,849,878,573,595
4105f520b7afc5c4.jpg,1,plate,277,318,744,781
4105f520b7afc5c4.jpg,2,plate,123,137,697,711
0063e41b53567829.jpg,1,plate,203,273,193,227
0063e41b53567829.jpg,2,plate,736,764,253,342
0063e41b53567829.jpg,3,plate,385,413,154,170
47f2d3efac2c19bd.jpg,1,plate,196,213,409,425
0063cc2c5f7d82ed.jpg,1,plate,228,371,559,624
9e95d25a2dd06358.jpg,1,plate,81,137,477,508
43308a0a2c68366e.jpg,1,plate,118,238,276,345
7447acc984bbde0f.jpg,1,plate,362,735,192,529
720f861adc5e4dba.jpg,1,plate,374,525,595,661
720f861adc5e4dba.jpg,2,plate,19,101,526,568
99b359f1bb960266.jpg,1,plate,110,168,961,987
f61ec2597069c32a.jpg,1,plate,1,89,617,724
fca8f4792dba1cbb.jpg,1,plate,121,240,294,370
075714e701a2f746.jpg,1,plate,452,806,355,764
40c1e13b55ea56fa.jpg,1,plate,21,114,672,738
40c1e13b55ea56fa.jpg,2,plate,334,384,607,649
40c1e13b55ea56fa.jpg,3,plate,532,577,605,646
40c1e13b55ea56fa.jpg,4,plate,808,848,556,584
40c1e13b55ea56fa.jpg,5,plate,960,990,547,575
631630eddab5579a.jpg,1,plate,21,87,984,1014
631630eddab5579a.jpg,2,plate,384,446,962,988
631630eddab5579a.jpg,3,plate,677,712,945,967
d1affc69592e06c4.jpg,1,plate,397,608,301,405
85dc9935eae31398.jpg,1,plate,80,225,348,483
002521102ecfac4c.jpg,1,plate,382,469,831,887
02f6b0600b3ad4ed.jpg,1,plate,533,554,238,263
02f6b0600b3ad4ed.jpg,2,plate,784,818,224,249
02f6b0600b3ad4ed.jpg,3,plate,490,517,247,265
02f6b0600b3ad4ed.jpg,4,plate,22,50,283,312
8ef3daf2e042303b.jpg,1,plate,701,761,693,750
2f6f6e862600792d.jpg,1,plate,294,401,768,799
b765c27d16f1e8c8.jpg,1,plate,329,427,349,458
b765c27d16f1e8c8.jpg,2,plate,36,98,348,405
7ab0bbb2d0a6b720.jpg,1,plate,961,1014,656,679
e27997c3ab99f73b.jpg,1,plate,699,766,374,414
e27997c3ab99f73b.jpg,2,plate,185,223,394,417
e27997c3ab99f73b.jpg,3,plate,1,44,473,525
338747e8c02c884b.jpg,1,plate,413,435,456,467
338747e8c02c884b.jpg,2,plate,525,552,470,483
338747e8c02c884b.jpg,3,plate,786,825,588,603
338747e8c02c884b.jpg,4,plate,838,872,524,544
338747e8c02c884b.jpg,5,plate,238,252,374,386
338747e8c02c884b.jpg,6,plate,216,237,340,352
338747e8c02c884b.jpg,7,plate,761,781,402,414
338747e8c02c884b.jpg,8,plate,822,840,392,401
338747e8c02c884b.jpg,9,plate,991,1017,464,478
338747e8c02c884b.jpg,10,plate,864,884,376,389
338747e8c02c884b.jpg,11,plate,639,660,362,374
338747e8c02c884b.jpg,12,plate,453,477,424,439
53d4c16fee3ee377.jpg,1,plate,366,622,389,494
1bc7681a45b589c2.jpg,1,plate,669,844,516,603
1bc7681a45b589c2.jpg,2,plate,206,229,95,108
1bc7681a45b589c2.jpg,3,plate,1,25,200,223
1ad9250b87620a54.jpg,1,plate,86,888,89,601
f782f9c47a217a4d.jpg,1,plate,610,817,269,343
00bffc29492dbc26.jpg,1,plate,119,264,505,590
c3143ee1463616fe.jpg,1,plate,750,843,474,522
c3143ee1463616fe.jpg,2,plate,170,208,438,467
02f914b2cec48820.jpg,1,plate,270,451,338,449
07ed6078ba96d0c5.jpg,1,plate,471,824,673,765
0ef79de57ea30a6a.jpg,1,plate,178,248,651,675
0ef79de57ea30a6a.jpg,2,plate,90,120,623,638
0ef79de57ea30a6a.jpg,3,plate,376,394,593,603
3b3e5235ea33c327.jpg,1,plate,884,983,509,570
3b3e5235ea33c327.jpg,2,plate,192,219,339,358
3b3e5235ea33c327.jpg,3,plate,658,690,292,316
e7a6c385578f667d.jpg,1,plate,933,1002,587,629
e7a6c385578f667d.jpg,2,plate,690,735,494,524
a6de7c02d2d8364c.jpg,1,plate,511,667,402,446
0e617f1eb453ebfe.jpg,1,plate,24,963,202,651
8bf18c30fa3a6ad0.jpg,1,plate,1,32,733,764
4657b3eaa227a4c2.jpg,1,plate,829,948,170,229
4657b3eaa227a4c2.jpg,2,plate,851,887,53,76
4657b3eaa227a4c2.jpg,3,plate,972,1005,67,87
f5814791199ff8b5.jpg,1,plate,263,397,812,852
714d5c2980e915e8.jpg,1,plate,210,427,628,766
8c8655ad3249d703.jpg,1,plate,360,479,517,553
2b75656ec2a7ef8a.jpg,1,plate,208,261,431,473
2b75656ec2a7ef8a.jpg,2,plate,89,107,376,389
9f5615dd6572a74e.jpg,1,plate,815,829,314,420
1334f46a5d271b53.jpg,1,plate,138,183,385,412
74cd8103eb4c527e.jpg,1,plate,3,51,361,469
f26eaac6cec7010d.jpg,1,plate,400,536,379,457
f26eaac6cec7010d.jpg,2,plate,50,121,132,171
da95eac7ad514c9e.jpg,1,plate,784,843,541,558
cb9d94ce9f2ad43d.jpg,1,plate,151,218,749,798
607b023cd68febab.jpg,1,plate,46,64,878,930
607b023cd68febab.jpg,2,plate,55,78,683,703
f904abfd113ef7cc.jpg,1,plate,78,129,642,657
f904abfd113ef7cc.jpg,2,plate,881,937,574,599
45390fefa98a3555.jpg,1,plate,117,225,422,526
45390fefa98a3555.jpg,2,plate,914,958,255,316
5b7bac79f8e23602.jpg,1,plate,159,203,496,529
5b7bac79f8e23602.jpg,2,plate,445,539,696,770
5b7bac79f8e23602.jpg,3,plate,664,743,535,582
6405c0988c6b3472.jpg,1,plate,146,207,881,907
6405c0988c6b3472.jpg,2,plate,658,716,835,856
6405c0988c6b3472.jpg,3,plate,411,441,741,756
6405c0988c6b3472.jpg,4,plate,129,164,801,815
9945023b7ec94d79.jpg,1,plate,280,522,307,402
4a8742b982437dd4.jpg,1,plate,599,745,448,500
124507c476665fb5.jpg,1,plate,484,653,454,531
1d2b578d6585e180.jpg,1,plate,574,626,297,333
7c042b6d6b7b1b95.jpg,1,plate,59,90,79,110
7c042b6d6b7b1b95.jpg,2,plate,600,623,103,127
1b4bdf638196de64.jpg,1,plate,464,546,656,688
564070a4e6b50ca2.jpg,1,plate,348,551,401,490
564070a4e6b50ca2.jpg,2,plate,12,82,400,436
564070a4e6b50ca2.jpg,3,plate,162,211,346,372
7483b800a28c05ec.jpg,1,plate,794,840,419,445
7483b800a28c05ec.jpg,2,plate,908,932,399,419
7483b800a28c05ec.jpg,3,plate,586,604,408,425
7483b800a28c05ec.jpg,4,plate,451,467,405,416
3a51a30178206a48.jpg,1,plate,956,1001,631,656
3a51a30178206a48.jpg,2,plate,527,547,543,571
4f935c584e5de271.jpg,1,plate,90,143,636,664
4f935c584e5de271.jpg,2,plate,287,341,646,673
4f935c584e5de271.jpg,3,plate,489,548,656,678
4f935c584e5de271.jpg,4,plate,708,775,633,664
e0e4bafdd004d295.jpg,1,plate,121,177,431,471
e0e4bafdd004d295.jpg,2,plate,339,393,439,463
e0e4bafdd004d295.jpg,3,plate,583,622,406,424
afbe242c306c9e7e.jpg,1,plate,565,690,416,465
afbe242c306c9e7e.jpg,2,plate,900,964,387,420
f0eb997efb3f61d9.jpg,1,plate,499,547,421,436
f0eb997efb3f61d9.jpg,2,plate,588,615,389,401
f0eb997efb3f61d9.jpg,3,plate,681,708,394,405
1c6c9058c93cb49a.jpg,1,plate,715,762,609,645
1c6c9058c93cb49a.jpg,2,plate,563,585,613,633
d649266eaf587f8c.jpg,1,plate,90,121,474,496
d649266eaf587f8c.jpg,2,plate,311,346,478,504
d649266eaf587f8c.jpg,3,plate,957,991,490,516
08a535462f3c1e59.jpg,1,plate,502,539,599,630
08a535462f3c1e59.jpg,2,plate,120,137,588,602
08a535462f3c1e59.jpg,3,plate,67,84,590,605
c0b062a14cfb92ca.jpg,1,plate,673,713,682,713
d9fcf87185551855.jpg,1,plate,182,235,599,626
d9fcf87185551855.jpg,2,plate,363,385,528,545
d9fcf87185551855.jpg,3,plate,519,566,604,629
d9fcf87185551855.jpg,4,plate,595,616,536,556
d9fcf87185551855.jpg,5,plate,733,769,562,588
3c1bd58b756fbde6.jpg,1,plate,843,923,511,553
521cc8bf67eef944.jpg,1,plate,60,95,714,731
521cc8bf67eef944.jpg,2,plate,171,213,735,754
0b5e7f3db3d3c7bc.jpg,1,plate,205,295,490,554
0b5e7f3db3d3c7bc.jpg,2,plate,848,1000,497,677
c0db5d1f4c35f1ad.jpg,1,plate,415,513,610,650
0189de61d70fabfe.jpg,1,plate,568,601,644,659
0189de61d70fabfe.jpg,2,plate,681,724,680,701
4bf7570e21a1f1f4.jpg,1,plate,232,252,406,422
4bf7570e21a1f1f4.jpg,2,plate,433,459,418,437
4bf7570e21a1f1f4.jpg,3,plate,789,814,397,416
789d45559e9e9488.jpg,1,plate,143,280,334,400
6c1077473abe4484.jpg,1,plate,343,360,605,635
6c1077473abe4484.jpg,2,plate,842,888,630,661
6c1077473abe4484.jpg,3,plate,171,189,591,613
a46c5e9bf60674ff.jpg,1,plate,412,607,587,693
68bc2975128bc0bc.jpg,1,plate,627,774,340,423
68bc2975128bc0bc.jpg,2,plate,968,1021,263,318
c8ce92a945644789.jpg,1,plate,9,949,147,673
ba1d8e890f7ae281.jpg,1,plate,112,922,234,598
ff8594d0e730147c.jpg,1,plate,490,592,205,268
ff8594d0e730147c.jpg,2,plate,266,317,98,183
001cdd25e148cd36.jpg,1,plate,44,84,368,438
001cdd25e148cd36.jpg,2,plate,650,676,276,300
001cdd25e148cd36.jpg,3,plate,929,957,280,297
f925f5f1918ff67e.jpg,1,plate,204,400,324,399
d5a9846a37878ac3.jpg,1,plate,116,169,784,808
d5a9846a37878ac3.jpg,2,plate,285,330,780,804
d5a9846a37878ac3.jpg,3,plate,439,487,768,787
d5a9846a37878ac3.jpg,4,plate,609,646,750,772
8c27f06a6721cac7.jpg,1,plate,934,988,432,469
f7c15559faf6c92c.jpg,1,plate,536,572,516,544
f7c15559faf6c92c.jpg,2,plate,821,860,559,582
8dd1b558d809a4fe.jpg,1,plate,58,900,95,612
08b71d38c78196e8.jpg,1,plate,456,700,313,457
4356a4ecc267f372.jpg,1,plate,236,324,608,656
4356a4ecc267f372.jpg,2,plate,84,127,286,322
4356a4ecc267f372.jpg,3,plate,959,983,92,107
4356a4ecc267f372.jpg,4,plate,988,1022,135,154
9968f3c0d892eeb6.jpg,1,plate,651,688,605,624
9968f3c0d892eeb6.jpg,2,plate,542,564,585,597
9968f3c0d892eeb6.jpg,3,plate,471,496,574,588